relative_path,format,original_width,original_height,crop_top,crop_bottom,crop_left,crop_right,inner_left,inner_top,inner_right,inner_bottom,corner_shadow_candidate,status
commands/ai/images/extractentitycommand-01.png,PNG,813,779,0,0,0,0,,,,,no,unchanged
commands/ai/images/extractentitycommand-03.png,PNG,1218,974,0,0,0,0,,,,,no,unchanged
commands/ai/images/extractentitycommand-10.jpg,JPEG,645,635,0,0,0,0,,,,,no,unchanged
commands/ai/images/extractkeywordscommand-01.png,PNG,654,588,0,0,0,0,,,,,no,unchanged
commands/ai/images/generatecommentcommand-01.png,PNG,813,601,0,0,0,0,,,,,no,unchanged
commands/ai/images/generatecommentcommand-02.png,PNG,813,601,0,0,0,0,,,,,no,unchanged
commands/ai/images/generatecommentcommand-03.png,PNG,1218,974,0,0,0,0,,,,,no,unchanged
commands/ai/images/getemotionaltendencycommand-02.png,PNG,1223,972,0,0,0,0,,,,,no,unchanged
commands/ai/images/getemotionaltendencycommand-03.png,PNG,813,601,0,0,0,0,,,,,no,unchanged
commands/ai/images/getemotionaltendencycommand-10.jpg,JPEG,639,571,0,0,0,0,,,,,no,unchanged
commands/ai/images/interactivechatcommand-01.png,PNG,1905,969,0,0,0,0,3,16,1899,966,yes,inner_frame_candidate
commands/ai/images/interactivechatcommand-02.png,PNG,660,595,0,0,0,0,,,,,no,unchanged
commands/ai/images/interactivechatcommand-03.png,PNG,660,595,0,0,0,0,,,,,no,unchanged
commands/ai/images/interactivechatcommand-04.png,PNG,1016,149,0,0,0,0,,,,,no,unchanged
commands/ai/images/interactivechatcommand-05.png,PNG,660,539,0,0,0,0,,,,,no,unchanged
commands/ai/images/interactivechatcommand-06.png,PNG,997,189,0,0,0,0,,,,,no,unchanged
commands/ai/images/interactivechatcommand-07.png,PNG,1021,150,0,0,0,0,,,,,no,unchanged
commands/ai/images/interactivechatcommand-08.png,PNG,660,595,0,0,0,0,,,,,no,unchanged
commands/ai/images/interactivechatcommand-09.png,PNG,989,238,0,0,0,0,,,,,no,unchanged
commands/ai/images/makeasummarycommand-01.png,PNG,813,876,0,0,0,0,,,,,no,unchanged
commands/ai/images/makeasummarycommand-03.png,PNG,1218,976,0,0,0,0,,,,,no,unchanged
commands/ai/images/makeasummarycommand-10.jpg,JPEG,645,569,0,0,0,0,,,,,no,unchanged
commands/ai/images/parsingunstructureddatacommand-01.png,PNG,1391,192,0,0,0,0,,,,,no,unchanged
commands/ai/images/parsingunstructureddatacommand-03.png,PNG,1506,618,0,0,0,0,,,,,no,unchanged
commands/ai/images/parsingunstructureddatacommand-04.png,PNG,978,726,0,0,0,0,,,,,no,unchanged
commands/ai/images/parsingunstructureddatacommand-05.png,PNG,1449,252,0,0,0,0,,,,,no,unchanged
commands/ai/images/parsingunstructureddatacommand-10.jpg,JPEG,637,574,0,0,0,0,,,,,no,unchanged
commands/ai/images/recognizecaptchabyprovidercommand-01.png,PNG,660,677,0,0,0,0,,,,,no,unchanged
commands/ai/images/recognizecaptchabyprovidercommand-02.png,PNG,417,236,0,0,0,0,,,,,no,unchanged
commands/ai/images/recognizecaptchabyprovidercommand-03.png,PNG,150,50,0,0,0,0,,,,,no,unchanged
commands/ai/images/recognizecaptchabyprovidercommand-04.png,PNG,120,40,0,0,0,0,,,,,no,unchanged
commands/ai/images/recognizecaptchabyprovidercommand-05.png,PNG,276,178,0,0,0,0,,,,,no,unchanged
commands/ai/images/recognizecaptchabyprovidercommand-06.png,PNG,298,298,0,0,0,0,,,,,no,unchanged
commands/ai/images/recognizecaptchabyprovidercommand-07.png,PNG,291,258,0,0,0,0,,,,,no,unchanged
commands/ai/images/recognizecaptchabyprovidercommand-08.png,PNG,828,516,0,0,0,0,,,,,yes,corner_shadow_candidate
commands/ai/images/recognizecaptchabyprovidercommand-09.png,PNG,1920,897,0,0,0,0,,,,,yes,corner_shadow_candidate
commands/ai/images/recognizecaptchabyprovidercommand-10.png,PNG,996,493,0,0,0,0,,,,,no,unchanged
commands/ai/images/recognizecaptchabyprovidercommand-11.png,PNG,977,181,0,0,0,0,,,,,yes,corner_shadow_candidate
commands/ai/images/recognizecaptchabyprovidercommand-12.png,PNG,1920,897,0,0,0,0,,,,,yes,corner_shadow_candidate
commands/ai/images/recognizecaptchabyprovidercommand-13.png,PNG,660,677,0,0,0,0,,,,,no,unchanged
commands/ai/images/recognizecaptchabyprovidercommand-14.png,PNG,325,241,0,0,0,0,,,,,no,unchanged
commands/ai/images/recognizecardcommand-01.png,PNG,659,525,0,0,0,0,,,,,no,unchanged
commands/ai/images/recognizecardcommand-02.png,PNG,648,521,0,0,0,0,,,,,no,unchanged
commands/ai/images/recognizecardcommand-03.png,PNG,659,541,0,0,0,0,,,,,yes,corner_shadow_candidate
commands/ai/images/recognizecardcommand-04.png,PNG,842,307,0,0,0,0,,,,,no,unchanged
commands/ai/images/recognizecardcommand-05.png,PNG,838,265,0,0,0,0,,,,,no,unchanged
commands/ai/images/recognizecharactercommand-01.png,PNG,847,565,0,0,0,0,,,,,no,unchanged
commands/ai/images/recognizecharactercommand-02.png,PNG,654,507,0,0,0,0,,,,,no,unchanged
commands/ai/images/recognizecharactercommand-03.png,PNG,464,145,0,0,0,0,,,,,no,unchanged
commands/ai/images/recognizecharactercommand-04.png,PNG,919,557,0,0,0,0,,,,,no,unchanged
commands/ai/images/recognizecharactercommand-05.png,JPEG,800,800,0,0,0,0,,,,,no,unchanged
commands/ai/images/recognizegeneraltextcommand-01.png,JPEG,966,252,0,0,0,0,,,,,no,unchanged
commands/ai/images/recognizegeneraltextcommand-02.png,PNG,647,505,0,0,0,0,,,,,no,unchanged
commands/ai/images/recognizegeneraltextcommand-03.png,PNG,852,149,0,0,0,0,,,,,no,unchanged
commands/ai/images/recognizegeneraltextcommand-04.png,PNG,838,183,0,0,0,0,,,,,no,unchanged
commands/ai/images/recognizegeneraltextcommand-05.png,PNG,660,565,0,0,0,0,,,,,no,unchanged
commands/ai/images/recognizegeneraltextcommand-06.png,PNG,660,324,0,0,0,0,,,,,no,unchanged
commands/ai/images/recognizeinvoicecommand-01.png,PNG,652,522,0,0,0,0,,,,,no,unchanged
commands/ai/images/recognizeinvoicecommand-02.png,PNG,648,306,0,0,0,0,,,,,no,unchanged
commands/ai/images/recognizeinvoicecommand-03.png,PNG,1040,696,0,0,0,0,,,,,yes,corner_shadow_candidate
commands/ai/images/recognizeinvoicecommand-04.png,PNG,648,526,0,0,0,0,,,,,no,unchanged
commands/ai/images/recognizeinvoicecommand-05.png,PNG,847,250,0,0,0,0,,,,,no,unchanged
commands/ai/images/recognizeinvoicecommand-06.png,PNG,836,224,0,0,0,0,,,,,no,unchanged
commands/ai/images/recognizerecaptchav2command-01.png,PNG,660,563,0,0,0,0,,,,,no,unchanged
commands/ai/images/recognizerecaptchav2command-02.png,PNG,573,714,0,0,0,0,,,,,no,unchanged
commands/ai/images/recognizerecaptchav2command-03.png,GIF,1916,1036,0,0,0,0,,,,,no,unchanged
commands/ai/images/recognizerecaptchav2command-04.png,PNG,1326,150,0,0,0,0,,,,,no,unchanged
commands/ai/images/recognizerecaptchav2command-05.png,PNG,660,563,0,0,0,0,,,,,no,unchanged
commands/ai/images/recognizerecaptchav2command-06.png,PNG,1315,164,0,0,0,0,,,,,no,unchanged
commands/ai/images/recognizerotationcommand-01.png,PNG,590,458,0,0,0,0,,,,,yes,corner_shadow_candidate
commands/ai/images/recognizerotationcommand-02.png,PNG,481,447,0,0,0,0,,,,,yes,corner_shadow_candidate
commands/ai/images/recognizerotationcommand-03.png,PNG,479,433,0,0,0,0,,,,,yes,corner_shadow_candidate
commands/ai/images/recognizerotationcommand-04.png,PNG,898,592,0,0,0,0,,,,,yes,corner_shadow_candidate
commands/ai/images/recognizerotationcommand-05.png,PNG,653,662,0,0,0,0,,,,,no,unchanged
commands/ai/images/recognizerotationcommand-06.png,PNG,1080,579,0,0,0,0,,,,,no,unchanged
commands/ai/images/recognizerotationcommand-07.png,PNG,632,416,0,0,0,0,,,,,yes,corner_shadow_candidate
commands/ai/images/recognizerotationcommand-08.png,PNG,650,333,0,0,0,0,,,,,no,unchanged
commands/ai/images/recognizerotationcommand-09.png,PNG,320,262,0,0,0,0,,,,,no,unchanged
commands/ai/images/recognizerotationcommand-10.png,PNG,660,787,0,0,0,0,,,,,no,unchanged
commands/ai/images/recognizeslidercommand-01.png,PNG,639,682,0,0,0,0,,,,,no,unchanged
commands/ai/images/recognizeslidercommand-02.png,PNG,901,496,0,0,0,0,,,,,yes,corner_shadow_candidate
commands/ai/images/recognizeslidercommand-03.png,PNG,895,498,0,0,0,0,,,,,yes,corner_shadow_candidate
commands/ai/images/recognizeslidercommand-04.png,PNG,1019,192,0,0,0,0,,,,,no,unchanged
commands/ai/images/recognizeslidercommand-05.png,PNG,1337,192,0,0,0,0,,,,,yes,corner_shadow_candidate
commands/ai/images/recognizeslidercommand-06.png,PNG,503,488,0,0,0,0,,,,,no,unchanged
commands/ai/images/recognizesliderpuzzlecommand-01.png,PNG,360,394,0,0,0,0,,,,,yes,corner_shadow_candidate
commands/ai/images/recognizesliderpuzzlecommand-02.png,PNG,639,689,0,0,0,0,,,,,no,unchanged
commands/ai/images/recognizesliderpuzzlecommand-03.png,PNG,479,549,0,0,0,0,,,,,no,unchanged
commands/ai/images/recognizesliderpuzzlecommand-04.png,PNG,443,525,0,0,0,0,,,,,no,unchanged
commands/ai/images/recognizesliderpuzzlecommand-05.png,PNG,1144,169,0,0,0,0,,,,,no,unchanged
commands/ai/images/recognizesliderpuzzlecommand-06.png,PNG,1352,205,0,0,0,0,,,,,no,unchanged
commands/ai/images/recognizesliderpuzzlecommand-07.png,PNG,642,358,0,0,0,0,,,,,no,unchanged
commands/ai/images/recognizesliderpuzzlecommand-08.png,PNG,438,525,0,0,0,0,,,,,no,unchanged
commands/ai/images/recognizetablecommand-01.png,PNG,648,491,0,0,0,0,,,,,no,unchanged
commands/ai/images/recognizetablecommand-02.png,JPEG,147,74,0,0,0,0,,,,,no,unchanged
commands/ai/images/recognizetablecommand-03.png,PNG,850,115,0,0,0,0,,,,,no,unchanged
commands/ai/images/recognizetablecommand-04.png,PNG,845,202,0,0,0,0,,,,,no,unchanged
commands/ai/images/recognizetablecommand-05.png,PNG,650,496,0,0,0,0,,,,,no,unchanged
commands/ai/images/recognizetablecommand-06.png,PNG,653,284,0,0,0,0,,,,,no,unchanged
commands/ai/images/recognizetextclickcommand-01.png,PNG,647,687,0,0,0,0,,,,,no,unchanged
commands/ai/images/recognizetextclickcommand-02.png,PNG,443,540,0,0,0,0,,,,,no,unchanged
commands/ai/images/recognizetextclickcommand-03.png,PNG,423,535,0,0,0,0,,,,,no,unchanged
commands/ai/images/recognizetextclickcommand-04.png,PNG,1214,190,0,0,0,0,,,,,no,unchanged
commands/ai/images/recognizetextclickcommand-05.png,PNG,1340,209,0,0,0,0,,,,,no,unchanged
commands/ai/images/recognizetextclickcommand-06.png,PNG,434,532,0,0,0,0,,,,,no,unchanged
commands/ai/images/recognizetrajectorycommand-01.png,PNG,408,368,0,0,0,0,,,,,yes,corner_shadow_candidate
commands/ai/images/recognizetrajectorycommand-02.png,PNG,1011,728,0,0,0,0,,,,,yes,corner_shadow_candidate
commands/ai/images/recognizetrajectorycommand-03.png,PNG,640,566,0,0,0,0,,,,,no,unchanged
commands/ai/images/recognizetrajectorycommand-04.png,PNG,1371,581,0,0,0,0,,,,,no,unchanged
commands/ai/images/translatecommand-01.png,PNG,1205,157,0,0,0,0,,,,,no,unchanged
commands/ai/images/translatecommand-03.png,PNG,1190,226,0,0,0,0,,,,,no,unchanged
commands/ai/images/translatecommand-04.png,PNG,650,532,0,0,0,0,,,,,no,unchanged
commands/ai/images/translatecommand-10.jpg,JPEG,640,626,0,0,0,0,,,,,no,unchanged
commands/bazhuayu/images/getaccesstokencommand-01.png,PNG,1628,222,0,0,0,0,,,,,no,unchanged
commands/bazhuayu/images/getaccesstokencommand-02.png,PNG,1640,280,0,0,0,0,,,,,no,unchanged
commands/bazhuayu/images/getaccesstokencommand-03.png,PNG,660,425,0,0,0,0,,,,,no,unchanged
commands/bazhuayu/images/gettaskdatacommand-01.png,PNG,1319,318,0,0,0,0,,,,,no,unchanged
commands/bazhuayu/images/gettaskdatacommand-02.png,PNG,978,906,0,0,0,0,,,,,no,unchanged
commands/bazhuayu/images/gettaskdatacommand-03.png,PNG,1328,284,0,0,0,0,,,,,no,unchanged
commands/bazhuayu/images/gettaskdatacommand-04.png,PNG,655,582,0,0,0,0,,,,,no,unchanged
commands/bazhuayu/images/gettaskdatacountcommand-01.png,PNG,1628,222,0,0,0,0,,,,,no,unchanged
commands/bazhuayu/images/gettaskdatacountcommand-02.png,PNG,1640,280,0,0,0,0,,,,,no,unchanged
commands/bazhuayu/images/gettaskdatacountcommand-03.png,PNG,978,608,0,0,0,0,,,,,no,unchanged
commands/bazhuayu/images/gettaskdataoffsetcommand-01.png,PNG,978,906,0,0,0,0,,,,,no,unchanged
commands/bazhuayu/images/gettaskdataoffsetcommand-02.png,PNG,1472,329,0,0,0,0,,,,,no,unchanged
commands/bazhuayu/images/gettaskdataoffsetcommand-03.png,PNG,975,612,0,0,0,0,,,,,no,unchanged
commands/bazhuayu/images/gettaskdataoffsetcommand-04.png,PNG,1485,344,0,0,0,0,,,,,yes,corner_shadow_candidate
commands/bazhuayu/images/gettaskstatuscommand-01.png,PNG,660,423,0,0,0,0,,,,,no,unchanged
commands/bazhuayu/images/gettaskstatuscommand-02.png,PNG,1596,497,0,0,0,0,,,,,no,unchanged
commands/bazhuayu/images/gettaskstatuscommand-03.png,PNG,1599,480,0,0,0,0,,,,,no,unchanged
commands/bazhuayu/images/gettaskstatuscommand-04.png,PNG,846,516,0,0,0,0,,,,,yes,corner_shadow_candidate
commands/bazhuayu/images/gettaskstatuscommand-05.png,PNG,218,396,0,0,0,0,,,,,no,unchanged
commands/bazhuayu/images/starttaskcommand-01.png,PNG,1808,225,0,0,0,0,,,,,no,unchanged
commands/bazhuayu/images/starttaskcommand-02.png,PNG,1347,193,0,0,0,0,,,,,no,unchanged
commands/bazhuayu/images/starttaskcommand-03.png,PNG,703,173,0,0,0,0,,,,,no,unchanged
commands/bazhuayu/images/starttaskcommand-04.png,PNG,640,316,0,0,0,0,,,,,no,unchanged
commands/bazhuayu/images/stoptaskcommand-01.png,PNG,1311,270,0,0,0,0,,,,,no,unchanged
commands/bazhuayu/images/stoptaskcommand-02.png,PNG,1325,222,0,0,0,0,,,,,no,unchanged
commands/bazhuayu/images/stoptaskcommand-03.png,PNG,980,456,0,0,0,0,,,,,no,unchanged
commands/bazhuayu/images/stoptaskcommand-04.png,PNG,1617,126,0,0,0,0,,,,,no,unchanged
commands/bazhuayu/images/updateactionpropertiescommand-01.png,PNG,978,730,0,0,0,0,,,,,no,unchanged
commands/bazhuayu/images/updateactionpropertiescommand-02.png,PNG,1612,232,0,0,0,0,,,,,no,unchanged
commands/bazhuayu/images/updateactionpropertiescommand-03.png,PNG,1597,270,0,0,0,0,,,,,no,unchanged
commands/bazhuayu/images/updateactionpropertiescommand-04.png,PNG,1819,644,0,0,0,0,,,,,yes,corner_shadow_candidate
commands/bazhuayu/images/updateactionpropertiescommand-05.png,PNG,978,730,0,0,0,0,,,,,no,unchanged
commands/condition/images/01-if-params.png,PNG,644,417,0,0,0,0,,,,,no,unchanged
commands/condition/images/02-if-example.png,PNG,517,185,0,0,0,0,,,,,no,unchanged
commands/condition/images/03-if-result.png,PNG,1361,290,0,0,0,0,,,,,no,unchanged
commands/condition/images/else-01.png,PNG,840,291,0,0,0,0,,,,,no,unchanged
commands/condition/images/else-02.png,PNG,660,270,0,0,0,0,,,,,no,unchanged
commands/condition/images/else-if-01.png,PNG,906,341,0,0,0,0,,,,,no,unchanged
commands/condition/images/else-if-02.png,PNG,595,359,0,0,0,0,,,,,no,unchanged
commands/condition/images/else-if-03.png,PNG,660,439,0,0,0,0,,,,,no,unchanged
commands/condition/images/else-if-elem-01-panel.png,PNG,660,436,0,0,0,0,,,,,no,unchanged
commands/condition/images/else-if-elem-02-flow.png,PNG,1320,336,0,0,0,0,,,,,no,unchanged
commands/condition/images/else-if-elem-03-effect.png,PNG,1295,267,0,0,0,0,,,,,yes,corner_shadow_candidate
commands/condition/images/else-if-multi-01-params.png,PNG,660,419,0,0,0,0,,,,,no,unchanged
commands/condition/images/else-if-multi-02.png,PNG,660,444,0,0,0,0,,,,,no,unchanged
commands/condition/images/else-if-multi-03.png,PNG,940,329,0,0,0,0,,,,,no,unchanged
commands/condition/images/else-if-multi-04.png,PNG,929,169,0,0,0,0,,,,,no,unchanged
commands/condition/images/else-if-page-01-panel.png,PNG,660,382,0,0,0,0,,,,,no,unchanged
commands/condition/images/else-if-page-02-flow.png,PNG,1212,258,0,0,0,0,,,,,no,unchanged
commands/condition/images/else-if-page-03.png,PNG,1190,162,0,0,0,0,,,,,no,unchanged
commands/condition/images/else-if-win-01-panel.png,PNG,660,382,0,0,0,0,,,,,no,unchanged
commands/condition/images/else-if-win-02-flow.png,PNG,1241,189,0,0,0,0,,,,,no,unchanged
commands/condition/images/else-if-win-03.png,PNG,1239,219,0,0,0,0,,,,,yes,corner_shadow_candidate
commands/condition/images/end-if-01.png,PNG,660,270,0,0,0,0,,,,,no,unchanged
commands/condition/images/end-if-02.png,PNG,856,201,0,0,0,0,,,,,no,unchanged
commands/condition/images/if-elem-01-panel.png,PNG,660,436,0,0,0,0,,,,,no,unchanged
commands/condition/images/if-elem-02.png,PNG,774,241,0,0,0,0,,,,,no,unchanged
commands/condition/images/if-elem-03.png,PNG,660,436,0,0,0,0,,,,,no,unchanged
commands/condition/images/if-elem-06-mid.png,PNG,1248,639,0,0,0,0,,,,,no,unchanged
commands/condition/images/if-elem-07-after.png,PNG,1448,811,0,0,0,0,3,3,1445,808,yes,inner_frame_candidate
commands/condition/images/if-file-01-panel.png,PNG,660,326,0,0,0,0,,,,,no,unchanged
commands/condition/images/if-file-02.png,PNG,1187,417,0,0,0,0,,,,,no,unchanged
commands/condition/images/if-file-03.png,PNG,1205,365,0,0,0,0,,,,,no,unchanged
commands/condition/images/if-folder-01-panel.png,PNG,660,326,0,0,0,0,,,,,no,unchanged
commands/condition/images/if-folder-01.png,PNG,1172,320,0,0,0,0,,,,,no,unchanged
commands/condition/images/if-folder-02.png,PNG,1185,438,0,0,0,0,,,,,no,unchanged
commands/condition/images/if-image-01.png,PNG,660,382,0,0,0,0,,,,,no,unchanged
commands/condition/images/if-image-02.png,PNG,1320,238,0,0,0,0,,,,,no,unchanged
commands/condition/images/if-image-03.png,PNG,660,382,0,0,0,0,,,,,no,unchanged
commands/condition/images/if-image-04.png,PNG,793,160,0,0,0,0,,,,,no,unchanged
commands/condition/images/if-multi-01.png,PNG,660,419,0,0,0,0,,,,,no,unchanged
commands/condition/images/if-multi-02-flow.png,PNG,1135,332,0,0,0,0,,,,,no,unchanged
commands/condition/images/if-multi-03-result.png,PNG,1114,211,0,0,0,0,,,,,yes,corner_shadow_candidate
commands/condition/images/if-page-01-panel.png,PNG,660,382,0,0,0,0,,,,,no,unchanged
commands/condition/images/if-page-02.png,PNG,759,241,0,0,0,0,,,,,no,unchanged
commands/condition/images/if-page-03.png,PNG,659,377,0,0,0,0,,,,,yes,corner_shadow_candidate
commands/condition/images/if-page-04.png,PNG,777,280,0,0,0,0,,,,,no,unchanged
commands/condition/images/if-win-01-panel.png,PNG,660,382,0,0,0,0,,,,,no,unchanged
commands/condition/images/if-win-02.png,PNG,1186,500,0,0,0,0,,,,,no,unchanged
commands/condition/images/if-win-03.png,PNG,1185,353,0,0,0,0,,,,,no,unchanged
commands/condition/images/if-win-exists-01-panel.png,PNG,660,382,0,0,0,0,,,,,no,unchanged
commands/condition/images/if-win-exists-01.png,PNG,1184,566,0,0,0,0,,,,,no,unchanged
commands/condition/images/if-win-exists-03.png,PNG,1192,438,0,0,0,0,,,,,no,unchanged
commands/data-processing/images/appendprefixorsuffixcommand-01.png,PNG,1538,361,0,0,0,0,,,,,no,unchanged
commands/data-processing/images/appendprefixorsuffixcommand-02.png,PNG,1525,277,0,0,0,0,,,,,no,unchanged
commands/data-processing/images/appendprefixorsuffixcommand-03.png,PNG,978,699,0,0,0,0,,,,,no,unchanged
commands/data-processing/images/changedatetimecommand-01.png,PNG,813,647,0,0,0,0,,,,,no,unchanged
commands/data-processing/images/changedatetimecommand-02.png,PNG,813,647,0,0,0,0,,,,,no,unchanged
commands/data-processing/images/changedatetimecommand-03.png,PNG,1128,949,0,0,0,0,6,8,1122,946,yes,inner_frame_candidate
commands/data-processing/images/changetextcasecommand-01.png,PNG,971,605,0,0,0,0,,,,,no,unchanged
commands/data-processing/images/changetextcasecommand-02.png,PNG,1325,498,0,0,0,0,,,,,no,unchanged
commands/data-processing/images/changetextcasecommand-03.png,PNG,1343,524,0,0,0,0,,,,,no,unchanged
commands/data-processing/images/clearlistcommand-01.png,PNG,844,237,0,0,0,0,,,,,no,unchanged
commands/data-processing/images/clearlistcommand-02.png,PNG,963,354,0,0,0,0,,,,,no,unchanged
commands/data-processing/images/clearlistcommand-03.png,PNG,832,283,0,0,0,0,,,,,no,unchanged
commands/data-processing/images/clearlistcommand-04.png,PNG,1020,256,0,0,0,0,,,,,no,unchanged
commands/data-processing/images/clearlistcommand-05.png,PNG,556,157,0,0,0,0,,,,,no,unchanged
commands/data-processing/images/concatlistcommand-01.png,PNG,648,402,0,0,0,0,,,,,no,unchanged
commands/data-processing/images/concatlistcommand-02.png,PNG,839,296,0,0,0,0,,,,,no,unchanged
commands/data-processing/images/concatlistcommand-03.png,PNG,835,250,0,0,0,0,,,,,yes,corner_shadow_candidate
commands/data-processing/images/concatlistcommand-04.png,PNG,844,192,0,0,0,0,,,,,no,unchanged
commands/data-processing/images/concatlistcommand-05.png,PNG,837,113,0,0,0,0,,,,,no,unchanged
commands/data-processing/images/concatlistcommand-06.png,PNG,834,136,0,0,0,0,,,,,no,unchanged
commands/data-processing/images/concatlistcommand-07.png,PNG,843,163,0,0,0,0,,,,,no,unchanged
commands/data-processing/images/convertdatetimetextcommand-01.png,PNG,640,501,0,0,0,0,,,,,no,unchanged
commands/data-processing/images/convertdatetimetextcommand-02.png,PNG,928,243,0,0,0,0,,,,,no,unchanged
commands/data-processing/images/convertdatetimetextcommand-03.png,PNG,650,488,0,0,0,0,,,,,no,unchanged
commands/data-processing/images/convertdatetimetextcommand-04.png,PNG,1348,190,0,0,0,0,,,,,no,unchanged
commands/data-processing/images/createdictionarycommand-01.png,PNG,660,353,0,0,0,0,,,,,no,unchanged
commands/data-processing/images/createdictionarycommand-02.png,PNG,1323,97,0,0,0,0,,,,,no,unchanged
commands/data-processing/images/createdictionarycommand-03.png,PNG,1317,299,0,0,0,0,,,,,no,unchanged
commands/data-processing/images/createlistcommand-01.png,PNG,853,121,0,0,0,0,,,,,no,unchanged
commands/data-processing/images/createlistcommand-02.png,PNG,837,182,0,0,0,0,,,,,no,unchanged
commands/data-processing/images/createlistcommand-03.png,PNG,844,237,0,0,0,0,,,,,no,unchanged
commands/data-processing/images/createlistcommand-04.png,PNG,660,367,0,0,0,0,,,,,no,unchanged
commands/data-processing/images/createvariablecommand-01.png,PNG,654,446,0,0,0,0,,,,,no,unchanged
commands/data-processing/images/createvariablecommand-02.png,PNG,1365,210,0,0,0,0,,,,,no,unchanged
commands/data-processing/images/createvariablecommand-03.png,PNG,1339,188,0,0,0,0,,,,,no,unchanged
commands/data-processing/images/datetimeconverttotimestampcommand-01.png,PNG,853,151,0,0,0,0,,,,,no,unchanged
commands/data-processing/images/datetimeconverttotimestampcommand-02.png,PNG,648,402,0,0,0,0,,,,,no,unchanged
commands/data-processing/images/datetimeconverttotimestampcommand-03.png,PNG,839,221,0,0,0,0,,,,,no,unchanged
commands/data-processing/images/distinctlistcommand-01.png,PNG,970,367,0,0,0,0,,,,,no,unchanged
commands/data-processing/images/distinctlistcommand-02.png,PNG,499,229,0,0,0,0,,,,,no,unchanged
commands/data-processing/images/distinctlistcommand-03.png,PNG,796,244,0,0,0,0,,,,,no,unchanged
commands/data-processing/images/distinctlistcommand-04.png,PNG,705,180,0,0,0,0,,,,,no,unchanged
commands/data-processing/images/distinctlistcommand-05.png,PNG,555,201,0,0,0,0,,,,,no,unchanged
commands/data-processing/images/getdictionarykeyscommand-01.png,PNG,835,232,0,0,0,0,,,,,yes,corner_shadow_candidate
commands/data-processing/images/getdictionarykeyscommand-02.png,PNG,648,346,0,0,0,0,,,,,no,unchanged
commands/data-processing/images/getdictionarykeyscommand-03.png,PNG,849,243,0,0,0,0,,,,,no,unchanged
commands/data-processing/images/getdictionarykeyscommand-04.png,PNG,833,242,0,0,0,0,,,,,no,unchanged
commands/data-processing/images/getdictionaryvaluecommand-01.png,PNG,648,460,0,0,0,0,,,,,no,unchanged
commands/data-processing/images/getdictionaryvaluecommand-02.png,PNG,850,241,0,0,0,0,,,,,no,unchanged
commands/data-processing/images/getdictionaryvaluecommand-03.png,PNG,834,246,0,0,0,0,,,,,no,unchanged
commands/data-processing/images/getdictionaryvaluecommand-04.png,PNG,835,232,0,0,0,0,,,,,yes,corner_shadow_candidate
commands/data-processing/images/getdictionaryvaluescommand-01.png,PNG,835,232,0,0,0,0,,,,,yes,corner_shadow_candidate
commands/data-processing/images/getdictionaryvaluescommand-02.png,PNG,648,348,0,0,0,0,,,,,no,unchanged
commands/data-processing/images/getdictionaryvaluescommand-03.png,PNG,835,246,0,0,0,0,,,,,no,unchanged
commands/data-processing/images/getdictionaryvaluescommand-04.png,PNG,833,246,0,0,0,0,,,,,no,unchanged
commands/data-processing/images/getlistitemcommand-01.png,PNG,639,403,0,0,0,0,,,,,yes,corner_shadow_candidate
commands/data-processing/images/getlistitemcommand-02.png,PNG,642,439,0,0,0,0,,,,,yes,corner_shadow_candidate
commands/data-processing/images/getlistitemcommand-03.png,PNG,595,108,0,0,0,0,,,,,yes,corner_shadow_candidate
commands/data-processing/images/getlistitemcommand-04.png,PNG,896,189,0,0,0,0,,,,,yes,corner_shadow_candidate
commands/data-processing/images/getsubtextcommand-01.png,PNG,653,470,0,0,0,0,,,,,no,unchanged
commands/data-processing/images/getsubtextcommand-02.png,PNG,1026,289,0,0,0,0,,,,,no,unchanged
commands/data-processing/images/getsubtextcommand-03.png,PNG,650,523,0,0,0,0,,,,,no,unchanged
commands/data-processing/images/getsubtextcommand-04.png,PNG,1357,348,0,0,0,0,,,,,no,unchanged
commands/data-processing/images/gettimespancommand-01.png,PNG,813,575,0,0,0,0,,,,,no,unchanged
commands/data-processing/images/gettimespancommand-02.png,PNG,1130,946,0,0,0,0,7,7,1123,943,yes,inner_frame_candidate
commands/data-processing/images/insertitemtolistcommand-01.png,PNG,660,382,0,0,0,0,,,,,no,unchanged
commands/data-processing/images/insertitemtolistcommand-02.png,PNG,1320,242,0,0,0,0,,,,,no,unchanged
commands/data-processing/images/insertitemtolistcommand-03.png,PNG,660,383,0,0,0,0,,,,,no,unchanged
commands/data-processing/images/insertitemtolistcommand-04.png,PNG,1311,187,0,0,0,0,,,,,no,unchanged
commands/data-processing/images/intersectlistcommand-01.png,PNG,987,156,0,0,0,0,,,,,no,unchanged
commands/data-processing/images/intersectlistcommand-02.png,PNG,924,223,0,0,0,0,,,,,no,unchanged
commands/data-processing/images/intersectlistcommand-03.png,PNG,475,226,0,0,0,0,,,,,no,unchanged
commands/data-processing/images/intersectlistcommand-04.png,PNG,466,229,0,0,0,0,,,,,no,unchanged
commands/data-processing/images/intersectlistcommand-05.png,PNG,964,723,0,0,0,0,,,,,no,unchanged
commands/data-processing/images/jointextcommand-02.png,PNG,943,616,0,0,0,0,,,,,no,unchanged
commands/data-processing/images/jointextcommand-03.png,PNG,656,403,0,0,0,0,,,,,no,unchanged
commands/data-processing/images/jointextcommand-04.png,PNG,652,401,0,0,0,0,,,,,no,unchanged
commands/data-processing/images/jointextcommand-05.png,PNG,1136,516,0,0,0,0,,,,,no,unchanged
commands/data-processing/images/numbertotextcommand-01.png,PNG,813,555,0,0,0,0,,,,,no,unchanged
commands/data-processing/images/numbertotextcommand-02.png,PNG,1420,948,0,0,0,0,7,8,1417,945,yes,inner_frame_candidate
commands/data-processing/images/objecttojsoncommand-01.png,PNG,648,344,0,0,0,0,,,,,no,unchanged
commands/data-processing/images/objecttojsoncommand-02.png,PNG,818,151,0,0,0,0,,,,,no,unchanged
commands/data-processing/images/objecttojsoncommand-03.png,PNG,997,195,0,0,0,0,,,,,no,unchanged
commands/data-processing/images/objecttojsoncommand-04.png,PNG,361,153,0,0,0,0,,,,,no,unchanged
commands/data-processing/images/objecttojsoncommand-05.png,PNG,663,147,0,0,0,0,,,,,no,unchanged
commands/data-processing/images/parsejsoncommand-01.png,PNG,657,429,0,0,0,0,,,,,no,unchanged
commands/data-processing/images/parsejsoncommand-02.png,PNG,832,153,0,0,0,0,,,,,no,unchanged
commands/data-processing/images/parsejsoncommand-03.png,PNG,655,430,0,0,0,0,,,,,no,unchanged
commands/data-processing/images/parsejsoncommand-04.png,PNG,996,221,0,0,0,0,,,,,no,unchanged
commands/data-processing/images/randomnumbercommand-01.png,PNG,660,423,0,0,0,0,,,,,no,unchanged
commands/data-processing/images/randomnumbercommand-02.png,PNG,937,180,0,0,0,0,,,,,no,unchanged
commands/data-processing/images/randomnumbercommand-03.png,PNG,660,423,0,0,0,0,,,,,no,unchanged
commands/data-processing/images/randomnumbercommand-04.png,PNG,918,264,0,0,0,0,,,,,yes,corner_shadow_candidate
commands/data-processing/images/regexmatchcommand-01.png,PNG,640,521,0,0,0,0,,,,,no,unchanged
commands/data-processing/images/regexmatchcommand-02.png,PNG,867,640,0,0,0,0,,,,,no,unchanged
commands/data-processing/images/regexmatchcommand-03.png,PNG,866,621,0,0,0,0,,,,,no,unchanged
commands/data-processing/images/regexmatchcommand-04.png,PNG,872,628,0,0,0,0,,,,,no,unchanged
commands/data-processing/images/regexmatchcommand-05.png,PNG,1012,283,0,0,0,0,,,,,no,unchanged
commands/data-processing/images/regexmatchcommand-06.png,PNG,1359,210,0,0,0,0,,,,,no,unchanged
commands/data-processing/images/removedictionarykeyvaluecommand-01.png,PNG,648,301,0,0,0,0,,,,,no,unchanged
commands/data-processing/images/removedictionarykeyvaluecommand-02.png,PNG,854,256,0,0,0,0,,,,,no,unchanged
commands/data-processing/images/removedictionarykeyvaluecommand-03.png,PNG,833,241,0,0,0,0,,,,,no,unchanged
commands/data-processing/images/removedictionarykeyvaluecommand-04.png,PNG,834,164,0,0,0,0,,,,,no,unchanged
commands/data-processing/images/removelistitemcommand-01.png,PNG,648,359,0,0,0,0,,,,,no,unchanged
commands/data-processing/images/removelistitemcommand-02.png,PNG,852,252,0,0,0,0,,,,,no,unchanged
commands/data-processing/images/removelistitemcommand-03.png,PNG,648,359,0,0,0,0,,,,,no,unchanged
commands/data-processing/images/removelistitemcommand-04.png,PNG,836,208,0,0,0,0,,,,,no,unchanged
commands/data-processing/images/removelistitemcommand-05.png,PNG,840,245,0,0,0,0,,,,,yes,corner_shadow_candidate
commands/data-processing/images/replacetextcommand-01.png,PNG,645,630,0,0,0,0,,,,,no,unchanged
commands/data-processing/images/replacetextcommand-02.png,PNG,905,253,0,0,0,0,,,,,no,unchanged
commands/data-processing/images/replacetextcommand-03.png,PNG,636,628,0,0,0,0,,,,,no,unchanged
commands/data-processing/images/replacetextcommand-04.png,PNG,1340,218,0,0,0,0,,,,,no,unchanged
commands/data-processing/images/reverselistcommand-01.png,PNG,844,192,0,0,0,0,,,,,no,unchanged
commands/data-processing/images/reverselistcommand-02.png,PNG,648,243,0,0,0,0,,,,,no,unchanged
commands/data-processing/images/reverselistcommand-03.png,PNG,846,252,0,0,0,0,,,,,no,unchanged
commands/data-processing/images/reverselistcommand-04.png,PNG,837,249,0,0,0,0,,,,,no,unchanged
commands/data-processing/images/reverselistcommand-05.png,PNG,839,314,0,0,0,0,,,,,no,unchanged
commands/data-processing/images/setdictionarykeyvaluecommand-01.png,PNG,851,156,0,0,0,0,,,,,no,unchanged
commands/data-processing/images/setdictionarykeyvaluecommand-02.png,PNG,834,199,0,0,0,0,,,,,no,unchanged
commands/data-processing/images/setdictionarykeyvaluecommand-03.png,PNG,840,151,0,0,0,0,,,,,no,unchanged
commands/data-processing/images/setdictionarykeyvaluecommand-04.png,PNG,839,219,0,0,0,0,,,,,yes,corner_shadow_candidate
commands/data-processing/images/setdictionarykeyvaluecommand-05.png,PNG,652,376,0,0,0,0,,,,,no,unchanged
commands/data-processing/images/setdictionarykeyvaluecommand-06.png,PNG,649,378,0,0,0,0,,,,,no,unchanged
commands/data-processing/images/setvariablecommand-01.png,PNG,813,586,0,0,0,0,,,,,no,unchanged
commands/data-processing/images/setvariablecommand-02.png,PNG,655,473,0,0,0,0,,,,,no,unchanged
commands/data-processing/images/setvariablecommand-03.png,PNG,654,469,0,0,0,0,,,,,no,unchanged
commands/data-processing/images/setvariablecommand-04.png,PNG,1392,795,0,0,0,0,,,,,yes,corner_shadow_candidate
commands/data-processing/images/setvariablecommand-05.png,PNG,647,163,0,0,0,0,,,,,no,unchanged
commands/data-processing/images/setvariablecommand-06.png,PNG,1400,800,0,0,0,0,,,,,no,unchanged
commands/data-processing/images/setvariablecommand-07.png,PNG,658,317,0,0,0,0,,,,,no,unchanged
commands/data-processing/images/setvariablecommand-08.png,PNG,1356,213,0,0,0,0,,,,,no,unchanged
commands/data-processing/images/setvariablecommand-09.png,PNG,1347,183,0,0,0,0,,,,,no,unchanged
commands/data-processing/images/setvariablev2command-01.png,PNG,646,311,0,0,0,0,,,,,no,unchanged
commands/data-processing/images/setvariablev2command-02.png,PNG,543,189,0,0,0,0,,,,,no,unchanged
commands/data-processing/images/setvariablev2command-03.png,PNG,1367,196,0,0,0,0,,,,,no,unchanged
commands/data-processing/images/sortlistcommand-01.png,PNG,648,301,0,0,0,0,,,,,no,unchanged
commands/data-processing/images/sortlistcommand-02.png,PNG,847,291,0,0,0,0,,,,,no,unchanged
commands/data-processing/images/sortlistcommand-03.png,PNG,838,272,0,0,0,0,,,,,no,unchanged
commands/data-processing/images/sortlistcommand-04.png,PNG,840,170,0,0,0,0,,,,,no,unchanged
commands/data-processing/images/splittextcommand-01.png,PNG,645,466,0,0,0,0,,,,,no,unchanged
commands/data-processing/images/splittextcommand-02.png,PNG,949,305,0,0,0,0,,,,,no,unchanged
commands/data-processing/images/splittextcommand-03.png,PNG,648,577,0,0,0,0,,,,,no,unchanged
commands/data-processing/images/splittextcommand-04.png,PNG,1360,498,0,0,0,0,,,,,no,unchanged
commands/data-processing/images/texttonumbercommand-01.png,PNG,813,432,0,0,0,0,,,,,no,unchanged
commands/data-processing/images/texttonumbercommand-02.png,PNG,740,133,0,0,0,0,,,,,no,unchanged
commands/data-processing/images/texttonumbercommand-03.png,PNG,652,363,0,0,0,0,,,,,no,unchanged
commands/data-processing/images/texttonumbercommand-04.png,PNG,724,172,0,0,0,0,,,,,no,unchanged
commands/data-processing/images/timestampconverttodatetimecommand-01.png,PNG,847,250,0,0,0,0,,,,,no,unchanged
commands/data-processing/images/timestampconverttodatetimecommand-02.png,PNG,648,444,0,0,0,0,,,,,no,unchanged
commands/data-processing/images/timestampconverttodatetimecommand-03.png,PNG,838,298,0,0,0,0,,,,,no,unchanged
commands/data-processing/images/trimtextcommand-01.png,PNG,1540,442,0,0,0,0,,,,,no,unchanged
commands/data-processing/images/trimtextcommand-02.png,PNG,978,615,0,0,0,0,,,,,no,unchanged
commands/data-processing/images/trimtextcommand-03.png,PNG,1536,345,0,0,0,0,,,,,no,unchanged
commands/data-processing/images/updatelistitemcommand-01.png,PNG,648,359,0,0,0,0,,,,,no,unchanged
commands/data-processing/images/updatelistitemcommand-02.png,PNG,648,359,0,0,0,0,,,,,no,unchanged
commands/data-processing/images/updatelistitemcommand-03.png,PNG,857,250,0,0,0,0,,,,,no,unchanged
commands/data-processing/images/updatelistitemcommand-04.png,PNG,835,213,0,0,0,0,,,,,no,unchanged
commands/data-processing/images/updatelistitemcommand-05.png,PNG,836,245,0,0,0,0,,,,,yes,corner_shadow_candidate
commands/data-processing/images/urldecodecommand-01.png,PNG,648,344,0,0,0,0,,,,,no,unchanged
commands/data-processing/images/urldecodecommand-02.png,PNG,842,212,0,0,0,0,,,,,no,unchanged
commands/data-processing/images/urldecodecommand-03.png,PNG,846,144,0,0,0,0,,,,,no,unchanged
commands/data-processing/images/urlencodecommand-01.png,PNG,648,344,0,0,0,0,,,,,no,unchanged
commands/data-processing/images/urlencodecommand-02.png,PNG,852,149,0,0,0,0,,,,,no,unchanged
commands/data-processing/images/urlencodecommand-03.png,PNG,836,218,0,0,0,0,,,,,no,unchanged
commands/database/images/batchinserttodatabasecommand-01.png,PNG,840,274,0,0,0,0,,,,,no,unchanged
commands/database/images/batchinserttodatabasecommand-02.png,PNG,688,418,0,0,0,0,,,,,no,unchanged
commands/database/images/batchinserttodatabasecommand-03.png,PNG,688,435,0,0,0,0,,,,,no,unchanged
commands/database/images/batchinserttodatabasecommand-04.png,PNG,648,599,0,0,0,0,,,,,no,unchanged
commands/database/images/batchinserttodatabasecommand-05.png,PNG,845,285,0,0,0,0,,,,,no,unchanged
commands/database/images/batchinserttodatabasecommand-06.png,PNG,219,98,0,0,0,0,,,,,no,unchanged
commands/database/images/batchinserttodatabasecommand-07.png,PNG,238,89,0,0,0,0,,,,,yes,corner_shadow_candidate
commands/database/images/batchinserttodatabasecommand-08.png,PNG,233,157,0,0,0,0,,,,,yes,corner_shadow_candidate
commands/database/images/batchinserttodatabasecommand-09.png,PNG,651,555,0,0,0,0,,,,,no,unchanged
commands/database/images/closedatabasecommand-01.png,PNG,849,198,0,0,0,0,,,,,no,unchanged
commands/database/images/closedatabasecommand-02.png,PNG,648,243,0,0,0,0,,,,,no,unchanged
commands/database/images/closedatabasecommand-03.png,PNG,850,247,0,0,0,0,,,,,no,unchanged
commands/database/images/connecttodatabasecommand-01.png,PNG,647,469,0,0,0,0,,,,,no,unchanged
commands/database/images/connecttodatabasecommand-03.png,PNG,649,151,0,0,0,0,,,,,no,unchanged
commands/database/images/connecttodatabasecommand-04.png,PNG,645,692,0,0,0,0,,,,,no,unchanged
commands/database/images/connecttodatabasecommand-05.png,PNG,1340,181,0,0,0,0,,,,,no,unchanged
commands/database/images/executesqlcommand-01.png,PNG,233,47,0,0,0,0,,,,,no,unchanged
commands/database/images/executesqlcommand-02.png,PNG,219,42,0,0,0,0,,,,,no,unchanged
commands/database/images/executesqlcommand-03.png,PNG,844,285,0,0,0,0,,,,,no,unchanged
commands/database/images/executesqlcommand-04.png,PNG,846,293,0,0,0,0,,,,,no,unchanged
commands/database/images/executesqlcommand-05.png,PNG,645,442,0,0,0,0,,,,,no,unchanged
commands/database/images/querydatabasecommand-01.png,PNG,648,526,0,0,0,0,,,,,no,unchanged
commands/database/images/querydatabasecommand-02.png,PNG,841,238,0,0,0,0,,,,,no,unchanged
commands/database/images/querydatabasecommand-03.png,PNG,844,244,0,0,0,0,,,,,no,unchanged
commands/database/images/querydatabasecommand-04.png,PNG,239,90,0,0,0,0,,,,,yes,corner_shadow_candidate
commands/database/images/querydatabasecommand-05.png,PNG,218,81,0,0,0,0,,,,,no,unchanged
commands/database/images/querydatabasecommand-06.png,PNG,688,740,0,0,0,0,,,,,no,unchanged
commands/datatable/images/adddatasheetcolumncommand-01.png,PNG,642,297,0,0,0,0,,,,,no,unchanged
commands/datatable/images/adddatasheetcolumncommand-02.png,PNG,852,199,0,0,0,0,,,,,no,unchanged
commands/datatable/images/adddatasheetcolumncommand-03.png,PNG,831,268,0,0,0,0,,,,,no,unchanged
commands/datatable/images/deletedatasheetrowcommand-01.png,PNG,648,302,0,0,0,0,,,,,no,unchanged
commands/datatable/images/deletedatasheetrowcommand-02.png,PNG,848,239,0,0,0,0,,,,,no,unchanged
commands/datatable/images/deletedatasheetrowcommand-03.png,PNG,844,245,0,0,0,0,,,,,no,unchanged
commands/datatable/images/exportdatasheettofilecommand-01.png,PNG,660,701,0,0,0,0,,,,,no,unchanged
commands/datatable/images/exportdatasheettofilecommand-02.png,PNG,1765,154,0,0,0,0,,,,,no,unchanged
commands/datatable/images/exportdatasheettofilecommand-03.png,PNG,648,689,0,0,0,0,,,,,no,unchanged
commands/datatable/images/exportmultidatasheettofilecommand-01.png,PNG,978,906,0,0,0,0,,,,,no,unchanged
commands/datatable/images/exportmultidatasheettofilecommand-02.png,PNG,1328,153,0,0,0,0,,,,,no,unchanged
commands/datatable/images/exportmultidatasheettofilecommand-03.png,PNG,1320,236,0,0,0,0,,,,,no,unchanged
commands/datatable/images/importcsvtodatasheetcommand-01.png,PNG,978,739,0,0,0,0,,,,,no,unchanged
commands/datatable/images/importcsvtodatasheetcommand-02.png,PNG,1181,213,0,0,0,0,,,,,no,unchanged
commands/datatable/images/importcsvtodatasheetcommand-03.png,PNG,1176,275,0,0,0,0,,,,,no,unchanged
commands/datatable/images/importexceltodatasheetcommand-01.png,PNG,642,512,0,0,0,0,,,,,no,unchanged
commands/datatable/images/importexceltodatasheetcommand-02.png,PNG,637,516,0,0,0,0,,,,,no,unchanged
commands/datatable/images/importexceltodatasheetcommand-03.png,PNG,1351,235,0,0,0,0,,,,,no,unchanged
commands/datatable/images/loopdatasheetcommand_1-01.png,PNG,978,696,0,0,0,0,,,,,no,unchanged
commands/datatable/images/loopdatasheetcommand_1-03.png,PNG,1325,265,0,0,0,0,,,,,no,unchanged
commands/datatable/images/loopdatasheetcommand_1-04.png,PNG,1176,517,0,0,0,0,,,,,no,unchanged
commands/datatable/images/readdatasheetcommand-01.png,PNG,658,475,0,0,0,0,,,,,yes,corner_shadow_candidate
commands/datatable/images/readdatasheetcommand-02.png,PNG,754,103,0,0,0,0,,,,,yes,corner_shadow_candidate
commands/datatable/images/readdatasheetcommand-03.png,PNG,995,294,0,0,0,0,,,,,no,unchanged
commands/datatable/images/writetocellcommand-01.png,PNG,639,477,0,0,0,0,,,,,no,unchanged
commands/datatable/images/writetocellcommand-02.png,PNG,1012,152,0,0,0,0,,,,,no,unchanged
commands/datatable/images/writetocellcommand-03.png,PNG,642,483,0,0,0,0,,,,,no,unchanged
commands/datatable/images/writetocellcommand-04.png,PNG,1352,173,0,0,0,0,,,,,no,unchanged
commands/datatable/images/writetorowcommand-01.png,PNG,647,496,0,0,0,0,,,,,no,unchanged
commands/datatable/images/writetorowcommand-02.png,PNG,917,382,0,0,0,0,,,,,yes,corner_shadow_candidate
commands/datatable/images/writetorowcommand-06.png,PNG,1572,295,0,0,0,0,,,,,yes,corner_shadow_candidate
commands/desktop-automation/images/activewindowcommand-01.png,PNG,649,320,0,0,0,0,,,,,no,unchanged
commands/desktop-automation/images/activewindowcommand-02.png,PNG,494,126,0,0,0,0,,,,,no,unchanged
commands/desktop-automation/images/activewindowcommand-03.png,PNG,641,421,0,0,0,0,,,,,no,unchanged
commands/desktop-automation/images/captureelementcommand-01.png,PNG,651,511,0,0,0,0,,,,,no,unchanged
commands/desktop-automation/images/captureelementcommand-02.png,PNG,80,103,0,0,0,0,,,,,no,unchanged
commands/desktop-automation/images/captureelementcommand-03.png,PNG,661,521,0,0,0,0,,,,,yes,corner_shadow_candidate
commands/desktop-automation/images/closewindowcommand-01.png,PNG,850,194,0,0,0,0,,,,,no,unchanged
commands/desktop-automation/images/closewindowcommand-02.png,PNG,851,157,0,0,0,0,,,,,no,unchanged
commands/desktop-automation/images/closewindowcommand-03.png,PNG,663,311,0,0,0,0,,,,,yes,corner_shadow_candidate
commands/desktop-automation/images/getcomboboxitemscommand-01.png,PNG,37,33,0,0,0,0,,,,,no,unchanged
commands/desktop-automation/images/getcomboboxitemscommand-02.png,PNG,29,29,0,0,0,0,,,,,no,unchanged
commands/desktop-automation/images/getcomboboxitemscommand-03.png,PNG,833,520,0,0,0,0,,,,,yes,corner_shadow_candidate
commands/desktop-automation/images/getwindowcommand-01.png,PNG,644,346,0,0,0,0,,,,,no,unchanged
commands/desktop-automation/images/getwindowcommand-02.png,PNG,700,108,0,0,0,0,,,,,no,unchanged
commands/desktop-automation/images/getwindowcommand-03.png,PNG,1354,186,0,0,0,0,,,,,no,unchanged
commands/desktop-automation/images/getwindowpropertycontentcommand-01.png,PNG,813,679,0,0,0,0,,,,,no,unchanged
commands/desktop-automation/images/getwindowpropertycontentcommand-02.png,PNG,1072,942,0,0,0,0,5,5,1069,939,yes,inner_frame_candidate
commands/desktop-automation/images/getwindowpropertycontentcommand-03.png,PNG,651,468,0,0,0,0,,,,,no,unchanged
commands/desktop-automation/images/movewindowcommand-01.png,PNG,854,149,0,0,0,0,,,,,no,unchanged
commands/desktop-automation/images/movewindowcommand-02.png,PNG,838,196,0,0,0,0,,,,,no,unchanged
commands/desktop-automation/images/movewindowcommand-03.png,PNG,663,457,0,0,0,0,,,,,yes,corner_shadow_candidate
commands/desktop-automation/images/resizewindowcommand-01.png,PNG,850,168,0,0,0,0,,,,,no,unchanged
commands/desktop-automation/images/resizewindowcommand-02.png,PNG,842,213,0,0,0,0,,,,,no,unchanged
commands/desktop-automation/images/resizewindowcommand-03.png,PNG,665,433,0,0,0,0,3,3,662,430,yes,inner_frame_candidate
commands/desktop-automation/images/setcomboboxcommand-01.png,PNG,188,63,0,0,0,0,,,,,no,unchanged
commands/desktop-automation/images/setcomboboxcommand-02.png,PNG,35,28,0,0,0,0,,,,,no,unchanged
commands/desktop-automation/images/setcomboboxcommand-03.png,PNG,660,438,0,0,0,0,,,,,no,unchanged
commands/desktop-automation/images/setwindowstatecommand-01.png,PNG,645,351,0,0,0,0,,,,,no,unchanged
commands/desktop-automation/images/setwindowstatecommand-02.png,PNG,852,161,0,0,0,0,,,,,no,unchanged
commands/desktop-automation/images/setwindowstatecommand-03.png,PNG,843,187,0,0,0,0,,,,,no,unchanged
commands/desktop-automation/images/setwindowvisibilitycommand-01.png,PNG,642,357,0,0,0,0,,,,,yes,corner_shadow_candidate
commands/desktop-automation/images/waitwindowcontentcommand-01.png,PNG,660,533,0,0,0,0,,,,,no,unchanged
commands/desktop-automation/images/waitwindowcontentcommand-02.png,PNG,800,238,0,0,0,0,,,,,no,unchanged
commands/desktop-automation/images/waitwindowcontentcommand-03.png,PNG,660,533,0,0,0,0,,,,,no,unchanged
commands/desktop-automation/images/win_clickelementcommand-01.png,PNG,1222,156,0,0,0,0,,,,,no,unchanged
commands/desktop-automation/images/win_clickelementcommand-03.png,PNG,646,258,0,0,0,0,,,,,no,unchanged
commands/desktop-automation/images/win_clickelementcommand-04.png,PNG,639,650,0,0,0,0,,,,,no,unchanged
commands/desktop-automation/images/win_dragelementcommand-01.png,PNG,188,63,0,0,0,0,,,,,no,unchanged
commands/desktop-automation/images/win_dragelementcommand-02.png,PNG,1073,920,0,0,0,0,4,6,1068,917,yes,inner_frame_candidate
commands/desktop-automation/images/win_dragelementcommand-03.png,PNG,35,28,0,0,0,0,,,,,no,unchanged
commands/desktop-automation/images/win_entertextcommand-01.png,PNG,648,601,0,0,0,0,,,,,no,unchanged
commands/desktop-automation/images/win_entertextcommand-03.png,PNG,1353,226,0,0,0,0,,,,,no,unchanged
commands/desktop-automation/images/win_getelementcontentcommand-01.png,PNG,29,29,0,0,0,0,,,,,no,unchanged
commands/desktop-automation/images/win_getelementcontentcommand-02.png,PNG,647,415,0,0,0,0,,,,,no,unchanged
commands/desktop-automation/images/win_getelementcontentcommand-03.png,PNG,883,285,0,0,0,0,,,,,no,unchanged
commands/desktop-automation/images/win_getrelativeelementcommand-01.png,PNG,37,33,0,0,0,0,,,,,no,unchanged
commands/desktop-automation/images/win_getrelativeelementcommand-02.png,PNG,1244,971,0,0,0,0,,,,,no,unchanged
commands/desktop-automation/images/win_getrelativeelementcommand-03.png,PNG,832,593,0,0,0,0,,,,,yes,corner_shadow_candidate
commands/desktop-automation/images/win_hoverelementcommand-01.png,PNG,660,270,0,0,0,0,,,,,no,unchanged
commands/desktop-automation/images/win_hoverelementcommand-02.png,PNG,927,186,0,0,0,0,,,,,no,unchanged
commands/desktop-automation/images/win_hoverelementcommand-03.png,PNG,660,270,0,0,0,0,,,,,no,unchanged
commands/desktop-automation/images/win_loopsimilarelementscommand_1-01.png,PNG,29,29,0,0,0,0,,,,,no,unchanged
commands/desktop-automation/images/win_loopsimilarelementscommand_1-02.png,PNG,829,447,0,0,0,0,3,3,826,444,yes,inner_frame_candidate
commands/desktop-automation/images/win_loopsimilarelementscommand_1-03.png,PNG,1234,696,0,0,0,0,,,,,no,unchanged
commands/desktop-automation/images/win_setcheckboxcommand-01.png,PNG,812,371,0,0,0,0,,,,,no,unchanged
commands/desktop-automation/images/win_setcheckboxcommand-02.png,PNG,1239,973,0,0,0,0,,,,,no,unchanged
commands/dingtalk/images/appenddatatodingtalkrowcommand-01.png,PNG,655,415,0,0,0,0,,,,,no,unchanged
commands/dingtalk/images/appenddatatodingtalkrowcommand-02.png,PNG,958,275,0,0,0,0,,,,,no,unchanged
commands/dingtalk/images/appenddatatodingtalkrowcommand-03.png,PNG,959,263,0,0,0,0,,,,,no,unchanged
commands/dingtalk/images/appenddatatodingtalkrowcommand-04.png,PNG,700,467,0,0,0,0,,,,,no,unchanged
commands/dingtalk/images/connecttodingtalkspreadsheetcommand-01.png,PNG,643,524,0,0,0,0,,,,,no,unchanged
commands/dingtalk/images/connecttodingtalkspreadsheetcommand-02.png,PNG,1064,193,0,0,0,0,,,,,no,unchanged
commands/dingtalk/images/connecttodingtalkspreadsheetcommand-03.png,PNG,1067,231,0,0,0,0,,,,,no,unchanged
commands/dingtalk/images/connecttodingtalkspreadsheetcommand-04.png,PNG,722,499,0,0,0,0,,,,,no,unchanged
commands/dingtalk/images/DAVH44-01.png,PNG,654,304,0,0,0,0,,,,,no,unchanged
commands/dingtalk/images/DAVH44-02.png,PNG,988,347,0,0,0,0,,,,,no,unchanged
commands/dingtalk/images/DAVH44-03.png,PNG,979,183,0,0,0,0,,,,,no,unchanged
commands/dingtalk/images/DAVH44-04.png,PNG,1077,783,0,0,0,0,,,,,no,unchanged
commands/dingtalk/images/deletedingtalkroworcolumncommand-01.png,PNG,655,417,0,0,0,0,,,,,no,unchanged
commands/dingtalk/images/deletedingtalkroworcolumncommand-02.png,PNG,955,301,0,0,0,0,,,,,no,unchanged
commands/dingtalk/images/deletedingtalkroworcolumncommand-03.png,PNG,962,272,0,0,0,0,,,,,no,unchanged
commands/dingtalk/images/getalldingtalksheetnamescommand-01.png,PNG,994,193,0,0,0,0,,,,,no,unchanged
commands/dingtalk/images/getalldingtalksheetnamescommand-02.png,PNG,1312,783,0,0,0,0,6,4,1230,742,yes,inner_frame_candidate
commands/dingtalk/images/getalldingtalksheetnamescommand-03.png,PNG,834,157,0,0,0,0,,,,,no,unchanged
commands/dingtalk/images/getalldingtalksheetnamescommand-04.png,PNG,653,346,0,0,0,0,,,,,no,unchanged
commands/dingtalk/images/getdingtalkfirstavailableroworcolumncommand-01.png,PNG,654,460,0,0,0,0,,,,,no,unchanged
commands/dingtalk/images/getdingtalkfirstavailableroworcolumncommand-02.png,PNG,987,297,0,0,0,0,,,,,no,unchanged
commands/dingtalk/images/getdingtalkfirstavailableroworcolumncommand-03.png,JPEG,404,162,0,0,0,0,,,,,no,unchanged
commands/dingtalk/images/getdingtalkfirstavailableroworcolumncommand-04.png,PNG,837,198,0,0,0,0,,,,,no,unchanged
commands/dingtalk/images/getdingtalksheetcolumncountcommand-01.png,PNG,651,405,0,0,0,0,,,,,no,unchanged
commands/dingtalk/images/getdingtalksheetcolumncountcommand-02.png,PNG,954,302,0,0,0,0,,,,,no,unchanged
commands/dingtalk/images/getdingtalksheetcolumncountcommand-03.png,PNG,965,270,0,0,0,0,,,,,no,unchanged
commands/dingtalk/images/getdingtalksheetrowcountcommand-01.png,PNG,653,388,0,0,0,0,,,,,no,unchanged
commands/dingtalk/images/getdingtalksheetrowcountcommand-02.png,PNG,962,272,0,0,0,0,,,,,no,unchanged
commands/dingtalk/images/getdingtalksheetrowcountcommand-03.png,PNG,955,301,0,0,0,0,,,,,no,unchanged
commands/dingtalk/images/insertdingtalkroworcolumncommand-01.png,PNG,959,263,0,0,0,0,,,,,no,unchanged
commands/dingtalk/images/insertdingtalkroworcolumncommand-02.png,PNG,961,254,0,0,0,0,,,,,no,unchanged
commands/dingtalk/images/insertdingtalkroworcolumncommand-03.png,PNG,636,455,0,0,0,0,,,,,no,unchanged
commands/dingtalk/images/oP9Yz4-01.png,PNG,652,299,0,0,0,0,,,,,no,unchanged
commands/dingtalk/images/oP9Yz4-02.png,PNG,989,344,0,0,0,0,,,,,no,unchanged
commands/dingtalk/images/oP9Yz4-03.png,PNG,980,193,0,0,0,0,,,,,no,unchanged
commands/dingtalk/images/oP9Yz4-04.png,PNG,1197,780,0,0,0,0,,,,,no,unchanged
commands/dingtalk/images/readdingtalksheetcommand-01.png,PNG,1064,193,0,0,0,0,,,,,no,unchanged
commands/dingtalk/images/readdingtalksheetcommand-02.png,PNG,1067,231,0,0,0,0,,,,,no,unchanged
commands/dingtalk/images/readdingtalksheetcommand-03.png,PNG,722,499,0,0,0,0,,,,,no,unchanged
commands/dingtalk/images/readdingtalksheetcommand-04.png,PNG,643,583,0,0,0,0,,,,,no,unchanged
commands/dingtalk/images/writetodingtalksheetcommand-01.png,PNG,657,526,0,0,0,0,,,,,no,unchanged
commands/dingtalk/images/writetodingtalksheetcommand-02.png,PNG,537,528,0,0,0,0,,,,,no,unchanged
commands/dingtalk/images/writetodingtalksheetcommand-03.png,PNG,850,198,0,0,0,0,,,,,no,unchanged
commands/dingtalk/images/writetodingtalksheetcommand-04.png,PNG,839,194,0,0,0,0,,,,,no,unchanged
commands/dingtalk/images/writetodingtalksheetcommand-05.png,PNG,833,445,0,0,0,0,,,,,no,unchanged
commands/email/images/addflagtoemailcommand-01.png,PNG,1422,328,0,0,0,0,,,,,yes,corner_shadow_candidate
commands/email/images/addflagtoemailcommand-02.png,PNG,1558,333,0,0,0,0,,,,,yes,corner_shadow_candidate
commands/email/images/addflagtoemailcommand-03.png,PNG,813,375,0,0,0,0,,,,,no,unchanged
commands/email/images/addflagtoemailcommand-04.png,PNG,813,375,0,0,0,0,,,,,no,unchanged
commands/email/images/addflagtoemailcommand-05.png,PNG,1073,944,0,0,0,0,3,5,1067,941,yes,inner_frame_candidate
commands/email/images/deleteemailcommand-01.png,PNG,813,304,0,0,0,0,,,,,no,unchanged
commands/email/images/deleteemailcommand-02.png,PNG,963,296,0,0,0,0,,,,,yes,corner_shadow_candidate
commands/email/images/deleteemailcommand-03.png,PNG,1071,941,0,0,0,0,4,3,1068,938,yes,inner_frame_candidate
commands/email/images/downloademailattachmentcommand-01.png,PNG,781,346,0,0,0,0,,,,,no,unchanged
commands/email/images/downloademailattachmentcommand-02.png,PNG,1073,941,0,0,0,0,,,,,no,unchanged
commands/email/images/downloademailattachmentcommand-03.png,PNG,660,479,0,0,0,0,,,,,no,unchanged
commands/email/images/downloademailattachmentcommand-04.png,PNG,562,155,0,0,0,0,,,,,no,unchanged
commands/email/images/getemailcontentcommand-01.png,PNG,813,501,0,0,0,0,,,,,no,unchanged
commands/email/images/getemailcontentcommand-02.png,PNG,1072,943,0,0,0,0,4,5,1068,940,yes,inner_frame_candidate
commands/email/images/getemailscommand-01.png,PNG,813,573,0,0,0,0,,,,,no,unchanged
commands/email/images/getemailscommand-02.png,PNG,1071,944,0,0,0,0,3,5,1067,941,yes,inner_frame_candidate
commands/email/images/getemailscommand-03.png,PNG,813,573,0,0,0,0,,,,,no,unchanged
commands/email/images/getemailscommand-04.png,PNG,613,52,0,0,0,0,,,,,no,unchanged
commands/email/images/logintomailboxcommand-01.png,PNG,637,509,0,0,0,0,,,,,no,unchanged
commands/email/images/logintomailboxcommand-02.png,PNG,719,188,0,0,0,0,,,,,no,unchanged
commands/email/images/logintomailboxcommand-03.png,PNG,639,521,0,0,0,0,,,,,no,unchanged
commands/email/images/logintomailboxcommand-04.png,PNG,641,687,0,0,0,0,,,,,no,unchanged
commands/email/images/logintomailboxcommand-05.png,PNG,1336,240,0,0,0,0,,,,,no,unchanged
commands/email/images/logintomailboxcommand-06.png,PNG,1347,204,0,0,0,0,,,,,yes,corner_shadow_candidate
commands/email/images/logintomailboxcommand-07.png,PNG,994,634,0,0,0,0,,,,,no,unchanged
commands/email/images/logintomailboxcommand-08.png,PNG,1626,1320,0,0,0,0,,,,,no,unchanged
commands/email/images/logintomailboxcommand-09.png,PNG,654,699,0,0,0,0,,,,,no,unchanged
commands/email/images/moveemailcommand-01.png,PNG,533,481,0,0,0,0,,,,,no,unchanged
commands/email/images/moveemailcommand-02.png,PNG,813,447,0,0,0,0,,,,,no,unchanged
commands/email/images/moveemailcommand-03.png,PNG,1071,946,0,0,0,0,6,5,1068,943,yes,inner_frame_candidate
commands/email/images/moveemailcommand-04.png,PNG,660,236,0,0,0,0,,,,,no,unchanged
commands/email/images/replyemailcommand-01.png,PNG,813,584,0,0,0,0,,,,,no,unchanged
commands/email/images/replyemailcommand-02.png,PNG,813,585,0,0,0,0,,,,,no,unchanged
commands/email/images/replyemailcommand-03.png,PNG,1558,333,0,0,0,0,,,,,yes,corner_shadow_candidate
commands/email/images/replyemailcommand-04.png,PNG,1484,992,0,0,0,0,,,,,yes,corner_shadow_candidate
commands/email/images/sendemailcommand-01.png,PNG,660,728,0,0,0,0,,,,,no,unchanged
commands/email/images/sendemailcommand-02.png,PNG,827,341,0,0,0,0,,,,,no,unchanged
commands/email/images/sendemailcommand-03.png,PNG,822,229,0,0,0,0,,,,,yes,corner_shadow_candidate
commands/email/images/sendemailcommand-05.png,PNG,656,470,0,0,0,0,,,,,yes,corner_shadow_candidate
commands/email/images/sendemailcommand-06.png,PNG,654,536,0,0,0,0,,,,,yes,corner_shadow_candidate
commands/email/images/sendemailcommand-08.png,PNG,813,627,0,0,0,0,,,,,no,unchanged
commands/email/images/sendemailcommand-09.png,PNG,813,870,0,0,0,0,,,,,no,unchanged
commands/email/images/sendemailcommand-10.png,PNG,640,462,0,0,0,0,,,,,no,unchanged
commands/email/images/sendemailcommand-11.png,PNG,1039,230,0,0,0,0,,,,,no,unchanged
commands/email/images/sendemailcommand-12.png,PNG,392,161,0,0,0,0,,,,,no,unchanged
commands/email/images/sendemailcommand-13.jpg,JPEG,642,302,0,0,0,0,,,,,no,unchanged
commands/excel/images/activateexcelsheetcommand-01.png,PNG,648,349,0,0,0,0,,,,,no,unchanged
commands/excel/images/activateexcelsheetcommand-02.png,PNG,968,694,0,0,0,0,,,,,no,unchanged
commands/excel/images/activateexcelsheetcommand-03.png,PNG,851,149,0,0,0,0,,,,,no,unchanged
commands/excel/images/activateexcelsheetcommand-04.png,PNG,850,192,0,0,0,0,,,,,no,unchanged
commands/excel/images/activateexcelsheetcommand-05.png,PNG,968,694,0,0,0,0,,,,,no,unchanged
commands/excel/images/addexcelsheetcommand-01.png,PNG,648,357,0,0,0,0,,,,,no,unchanged
commands/excel/images/addexcelsheetcommand-02.png,PNG,851,157,0,0,0,0,,,,,no,unchanged
commands/excel/images/addexcelsheetcommand-03.png,PNG,835,189,0,0,0,0,,,,,no,unchanged
commands/excel/images/addexcelsheetcommand-04.png,PNG,226,57,0,0,0,0,,,,,no,unchanged
commands/excel/images/addexcelsheetcommand-05.png,PNG,288,56,0,0,0,0,,,,,no,unchanged
commands/excel/images/addimagetoexcelcommand-01.png,PNG,648,595,0,0,0,0,,,,,no,unchanged
commands/excel/images/addimagetoexcelcommand-02.png,PNG,1110,157,0,0,0,0,,,,,no,unchanged
commands/excel/images/addimagetoexcelcommand-03.png,PNG,654,600,0,0,0,0,,,,,no,unchanged
commands/excel/images/addimagetoexcelcommand-04.png,PNG,650,264,0,0,0,0,,,,,no,unchanged
commands/excel/images/autofillexcelcommand-01.png,PNG,660,662,0,0,0,0,,,,,no,unchanged
commands/excel/images/autofillexcelcommand-02.png,PNG,1255,391,0,0,0,0,,,,,no,unchanged
commands/excel/images/autofillexcelcommand-03.png,PNG,655,704,0,0,0,0,,,,,no,unchanged
commands/excel/images/autofillexcelcommand-04.png,PNG,814,324,0,0,0,0,,,,,no,unchanged
commands/excel/images/autofillexcelcommand-05.png,PNG,894,322,0,0,0,0,,,,,no,unchanged
commands/excel/images/clearexcelcellformatcommand-01.png,PNG,651,487,0,0,0,0,,,,,no,unchanged
commands/excel/images/clearexcelcellformatcommand-02.png,PNG,1362,145,0,0,0,0,,,,,no,unchanged
commands/excel/images/clearexcelcellformatcommand-03.png,PNG,649,594,0,0,0,0,,,,,no,unchanged
commands/excel/images/clearexcelcellformatcommand-04.png,PNG,466,206,0,0,0,0,,,,,no,unchanged
commands/excel/images/clearexcelcellformatcommand-05.png,PNG,462,203,0,0,0,0,3,4,391,199,yes,inner_frame_candidate
commands/excel/images/clearexcelfiltercommand-01.png,PNG,660,438,0,0,0,0,,,,,no,unchanged
commands/excel/images/clearexcelfiltercommand-02.png,PNG,1314,190,0,0,0,0,,,,,no,unchanged
commands/excel/images/clearexcelfiltercommand-03.png,PNG,660,438,0,0,0,0,,,,,no,unchanged
commands/excel/images/clearexcelfiltercommand-04.png,PNG,854,127,0,0,0,0,,,,,yes,corner_shadow_candidate
commands/excel/images/clearexcelfiltercommand-05.png,PNG,880,329,0,0,0,0,,,,,yes,corner_shadow_candidate
commands/excel/images/closeexcelcommand-01.png,PNG,648,357,0,0,0,0,,,,,no,unchanged
commands/excel/images/closeexcelcommand-02.png,PNG,849,142,0,0,0,0,,,,,no,unchanged
commands/excel/images/closeexcelcommand-03.png,PNG,838,208,0,0,0,0,,,,,no,unchanged
commands/excel/images/copyexcelcommand-01.png,PNG,660,494,0,0,0,0,,,,,no,unchanged
commands/excel/images/copyexcelcommand-02.png,PNG,852,249,0,0,0,0,,,,,no,unchanged
commands/excel/images/copyexcelcommand-03.png,PNG,817,251,0,0,0,0,,,,,no,unchanged
commands/excel/images/copyexcelcommand-04.png,PNG,475,150,0,0,0,0,,,,,no,unchanged
commands/excel/images/copyexcelcommand-05.png,PNG,470,129,0,0,0,0,,,,,no,unchanged
commands/excel/images/copyexcelsheetcommand-01.png,PNG,648,457,0,0,0,0,,,,,no,unchanged
commands/excel/images/copyexcelsheetcommand-02.png,PNG,852,150,0,0,0,0,,,,,no,unchanged
commands/excel/images/copyexcelsheetcommand-03.png,PNG,834,220,0,0,0,0,,,,,no,unchanged
commands/excel/images/copyexcelsheetcommand-04.png,PNG,332,243,0,0,0,0,,,,,no,unchanged
commands/excel/images/copyexcelsheetcommand-05.png,PNG,330,243,0,0,0,0,,,,,no,unchanged
commands/excel/images/deleteexcelcolumncommand-01.png,PNG,660,382,0,0,0,0,,,,,no,unchanged
commands/excel/images/deleteexcelcolumncommand-02.png,PNG,852,156,0,0,0,0,,,,,no,unchanged
commands/excel/images/deleteexcelcolumncommand-03.png,PNG,838,188,0,0,0,0,,,,,no,unchanged
commands/excel/images/deleteexcelcolumncommand-04.png,PNG,188,58,0,0,0,0,,,,,no,unchanged
commands/excel/images/deleteexcelcolumncommand-05.png,PNG,208,57,0,0,0,0,,,,,no,unchanged
commands/excel/images/deleteexcelduplicaterowcommand-01.png,PNG,660,438,0,0,0,0,,,,,no,unchanged
commands/excel/images/deleteexcelduplicaterowcommand-02.png,PNG,562,179,0,0,0,0,,,,,yes,corner_shadow_candidate
commands/excel/images/deleteexcelduplicaterowcommand-03.png,PNG,853,283,0,0,0,0,,,,,no,unchanged
commands/excel/images/deleteexcelduplicaterowcommand-04.png,PNG,648,415,0,0,0,0,,,,,no,unchanged
commands/excel/images/deleteexcelduplicaterowcommand-05.png,PNG,535,221,0,0,0,0,3,5,464,207,yes,inner_frame_candidate
commands/excel/images/deleteexcelduplicaterowcommand-06.png,PNG,464,199,0,0,0,0,3,3,459,186,yes,inner_frame_candidate
commands/excel/images/deleteexcelimagecommand-01.png,PNG,660,494,0,0,0,0,,,,,no,unchanged
commands/excel/images/deleteexcelimagecommand-02.png,PNG,1322,190,0,0,0,0,,,,,no,unchanged
commands/excel/images/deleteexcelimagecommand-03.png,PNG,660,494,0,0,0,0,,,,,no,unchanged
commands/excel/images/deleteexcelimagecommand-04.png,PNG,514,309,0,0,0,0,,,,,no,unchanged
commands/excel/images/deleteexcelimagecommand-05.png,PNG,506,310,0,0,0,0,,,,,no,unchanged
commands/excel/images/deleteexcelrowcommand-01.png,PNG,660,438,0,0,0,0,,,,,no,unchanged
commands/excel/images/deleteexcelrowcommand-02.png,PNG,850,151,0,0,0,0,,,,,no,unchanged
commands/excel/images/deleteexcelrowcommand-03.png,PNG,840,187,0,0,0,0,,,,,no,unchanged
commands/excel/images/deleteexcelrowcommand-04.png,PNG,188,58,0,0,0,0,,,,,no,unchanged
commands/excel/images/deleteexcelrowcommand-05.png,PNG,188,57,0,0,0,0,,,,,no,unchanged
commands/excel/images/deleteexcelsheetcommand-01.png,PNG,657,308,0,0,0,0,,,,,no,unchanged
commands/excel/images/deleteexcelsheetcommand-02.png,PNG,1320,189,0,0,0,0,,,,,no,unchanged
commands/excel/images/deleteexcelsheetcommand-03.png,PNG,660,326,0,0,0,0,,,,,no,unchanged
commands/excel/images/deleteexcelsheetcommand-04.png,PNG,822,192,0,0,0,0,,,,,yes,corner_shadow_candidate
commands/excel/images/deleteexcelsheetcommand-05.png,PNG,1920,1000,0,0,0,0,,,,,no,unchanged
commands/excel/images/deleteexcelsheetcommand-06.png,PNG,1920,1000,0,0,0,0,,,,,no,unchanged
commands/excel/images/exportexcelimagecommand-01.png,JPEG,646,579,0,0,0,0,,,,,no,unchanged
commands/excel/images/exportexcelimagecommand-02.png,JPEG,1038,237,0,0,0,0,,,,,no,unchanged
commands/excel/images/exportexcelimagecommand-03.png,JPEG,646,584,0,0,0,0,,,,,no,unchanged
commands/excel/images/exportexcelimagecommand-04.png,JPEG,1283,185,0,0,0,0,,,,,yes,corner_shadow_candidate
commands/excel/images/filterexcelcolumncommand-01.png,PNG,660,438,0,0,0,0,,,,,no,unchanged
commands/excel/images/filterexcelcolumncommand-02.png,PNG,738,246,0,0,0,0,,,,,no,unchanged
commands/excel/images/filterexcelcolumncommand-03.png,PNG,753,284,0,0,0,0,,,,,no,unchanged
commands/excel/images/filterexcelcolumncommand-04.png,PNG,1321,282,0,0,0,0,,,,,no,unchanged
commands/excel/images/filterexcelcolumncommand-05.png,PNG,660,438,0,0,0,0,,,,,no,unchanged
commands/excel/images/filterexcelcolumncommand-06.png,PNG,780,654,0,0,0,0,,,,,no,unchanged
commands/excel/images/filterexcelcolumncommand-07.png,PNG,878,468,0,0,0,0,30,28,875,463,yes,inner_frame_candidate
commands/excel/images/filterexcelcolumncommand-08.png,PNG,1920,825,0,0,0,0,,,,,no,unchanged
commands/excel/images/filterexcelcolumncommand-09.png,PNG,1920,825,0,0,0,0,,,,,no,unchanged
commands/excel/images/findexcelcellcommand-01.png,PNG,660,757,0,0,0,0,,,,,no,unchanged
commands/excel/images/findexcelcellcommand-02.png,PNG,926,684,0,0,0,0,,,,,yes,corner_shadow_candidate
commands/excel/images/findexcelcellcommand-03.png,PNG,1363,907,0,0,0,0,,,,,no,unchanged
commands/excel/images/findexcelcellcommand-04.png,PNG,939,192,0,0,0,0,,,,,no,unchanged
commands/excel/images/findexcelcellcommand-05.png,PNG,654,706,0,0,0,0,,,,,no,unchanged
commands/excel/images/findexcelcellcommand-06.png,PNG,838,217,0,0,0,0,,,,,no,unchanged
commands/excel/images/findexcelcellcommand-07.png,PNG,597,178,0,0,0,0,,,,,no,unchanged
commands/excel/images/findexcelcellcommand-08.png,PNG,619,188,0,0,0,0,,,,,yes,corner_shadow_candidate
commands/excel/images/getexcelcolumncountcommand-01.png,PNG,648,395,0,0,0,0,,,,,no,unchanged
commands/excel/images/getexcelcolumncountcommand-02.png,PNG,968,694,0,0,0,0,,,,,no,unchanged
commands/excel/images/getexcelcolumncountcommand-03.png,PNG,850,154,0,0,0,0,,,,,no,unchanged
commands/excel/images/getexcelcolumncountcommand-04.png,PNG,846,189,0,0,0,0,,,,,no,unchanged
commands/excel/images/getexcelformulacommand-01.png,PNG,652,506,0,0,0,0,,,,,no,unchanged
commands/excel/images/getexcelformulacommand-02.png,PNG,683,203,0,0,0,0,,,,,yes,corner_shadow_candidate
commands/excel/images/getexcelformulacommand-03.png,PNG,985,257,0,0,0,0,,,,,no,unchanged
commands/excel/images/getexcelformulacommand-04.png,PNG,989,269,0,0,0,0,,,,,no,unchanged
commands/excel/images/getexcelregionscreenshotcommand-01.png,PNG,660,869,0,0,0,0,,,,,no,unchanged
commands/excel/images/getexcelregionscreenshotcommand-02.png,PNG,1317,190,0,0,0,0,,,,,no,unchanged
commands/excel/images/getexcelregionscreenshotcommand-03.png,PNG,660,869,0,0,0,0,,,,,no,unchanged
commands/excel/images/getexcelregionscreenshotcommand-04.png,PNG,1920,1000,0,0,0,0,,,,,no,unchanged
commands/excel/images/getexcelregionscreenshotcommand-05.png,PNG,1000,123,0,0,0,0,,,,,no,unchanged
commands/excel/images/getexcelregionscreenshotcommand-06.png,PNG,390,59,0,0,0,0,,,,,no,unchanged
commands/excel/images/getexcelrowcountcommand-01.png,PNG,648,395,0,0,0,0,,,,,no,unchanged
commands/excel/images/getexcelrowcountcommand-02.png,PNG,968,694,0,0,0,0,,,,,no,unchanged
commands/excel/images/getexcelrowcountcommand-03.png,PNG,850,160,0,0,0,0,,,,,no,unchanged
commands/excel/images/getexcelrowcountcommand-04.png,PNG,841,192,0,0,0,0,,,,,no,unchanged
commands/excel/images/getexcelsheetnamecommand-01.png,PNG,641,401,0,0,0,0,,,,,no,unchanged
commands/excel/images/getexcelsheetnamecommand-02.png,PNG,782,210,0,0,0,0,,,,,no,unchanged
commands/excel/images/getexcelsheetnamecommand-03.png,PNG,873,221,0,0,0,0,,,,,no,unchanged
commands/excel/images/getexcelsheetnamecommand-04.png,PNG,660,407,0,0,0,0,,,,,no,unchanged
commands/excel/images/getlastemptycellofcolumncommand-01.png,PNG,648,451,0,0,0,0,,,,,no,unchanged
commands/excel/images/getlastemptycellofcolumncommand-02.png,PNG,968,694,0,0,0,0,,,,,no,unchanged
commands/excel/images/getlastemptycellofcolumncommand-03.png,PNG,848,146,0,0,0,0,,,,,no,unchanged
commands/excel/images/getlastemptycellofcolumncommand-04.png,PNG,840,186,0,0,0,0,,,,,no,unchanged
commands/excel/images/getopenedexcelcommand-01.png,PNG,655,350,0,0,0,0,,,,,no,unchanged
commands/excel/images/getopenedexcelcommand-02.png,PNG,845,241,0,0,0,0,,,,,no,unchanged
commands/excel/images/getopenedexcelcommand-03.png,PNG,845,277,0,0,0,0,,,,,no,unchanged
commands/excel/images/insertexcelcolumncommand-02.png,PNG,850,197,0,0,0,0,,,,,no,unchanged
commands/excel/images/insertexcelcolumncommand-03.png,PNG,845,193,0,0,0,0,,,,,no,unchanged
commands/excel/images/insertexcelcolumncommand-04.png,PNG,188,58,0,0,0,0,,,,,no,unchanged
commands/excel/images/insertexcelcolumncommand-05.png,PNG,239,58,0,0,0,0,,,,,no,unchanged
commands/excel/images/insertexcelcolumncommand-10.jpg,JPEG,638,472,0,0,0,0,,,,,no,unchanged
commands/excel/images/insertexcelrowcommand-01.png,PNG,645,478,0,0,0,0,,,,,no,unchanged
commands/excel/images/insertexcelrowcommand-02.png,PNG,848,201,0,0,0,0,,,,,no,unchanged
commands/excel/images/insertexcelrowcommand-03.png,PNG,844,216,0,0,0,0,,,,,no,unchanged
commands/excel/images/insertexcelrowcommand-04.png,PNG,188,58,0,0,0,0,,,,,no,unchanged
commands/excel/images/insertexcelrowcommand-05.png,PNG,188,77,0,0,0,0,,,,,no,unchanged
commands/excel/images/launchexcelcommand-01.png,PNG,644,516,0,0,0,0,,,,,no,unchanged
commands/excel/images/launchexcelcommand-02.png,PNG,822,155,0,0,0,0,,,,,no,unchanged
commands/excel/images/launchexcelcommand-03.png,PNG,640,518,0,0,0,0,,,,,no,unchanged
commands/excel/images/loopexcelsheetcommand-01.png,PNG,646,524,0,0,0,0,,,,,no,unchanged
commands/excel/images/loopexcelsheetcommand-02.png,PNG,887,291,0,0,0,0,,,,,no,unchanged
commands/excel/images/loopexcelsheetcommand-03.png,PNG,1339,184,0,0,0,0,,,,,no,unchanged
commands/excel/images/mergeorsplitexcelcellcommand-01.png,PNG,655,626,0,0,0,0,,,,,no,unchanged
commands/excel/images/mergeorsplitexcelcellcommand-02.png,PNG,1024,194,0,0,0,0,,,,,no,unchanged
commands/excel/images/mergeorsplitexcelcellcommand-03.png,PNG,999,128,0,0,0,0,,,,,no,unchanged
commands/excel/images/mergeorsplitexcelcellcommand-04.png,PNG,537,131,0,0,0,0,,,,,yes,corner_shadow_candidate
commands/excel/images/mergeorsplitexcelcellcommand-05.png,PNG,537,113,0,0,0,0,,,,,no,unchanged
commands/excel/images/pasteexcelcommand-01.png,PNG,649,455,0,0,0,0,,,,,no,unchanged
commands/excel/images/pasteexcelcommand-02.png,PNG,847,308,0,0,0,0,,,,,no,unchanged
commands/excel/images/pasteexcelcommand-03.png,PNG,836,254,0,0,0,0,,,,,no,unchanged
commands/excel/images/readexcelcommand-10.png,PNG,642,570,0,0,0,0,,,,,no,unchanged
commands/excel/images/readexcelcommand-11.png,PNG,639,250,0,0,0,0,,,,,yes,corner_shadow_candidate
commands/excel/images/readexcelcommand-12.png,PNG,687,151,0,0,0,0,,,,,yes,corner_shadow_candidate
commands/excel/images/readexcelcommand-13.png,PNG,1605,254,0,0,0,0,9,24,1588,235,yes,inner_frame_candidate
commands/excel/images/readexcelcommand-14.png,PNG,1301,210,0,0,0,0,,,,,yes,corner_shadow_candidate
commands/excel/images/readexcelcommand-15.png,PNG,1169,233,0,0,0,0,,,,,yes,corner_shadow_candidate
commands/excel/images/readfilteredcontentcommand-01.png,PNG,660,537,0,0,0,0,,,,,no,unchanged
commands/excel/images/readfilteredcontentcommand-02.png,PNG,1321,282,0,0,0,0,,,,,no,unchanged
commands/excel/images/readfilteredcontentcommand-03.png,PNG,660,537,0,0,0,0,,,,,no,unchanged
commands/excel/images/readfilteredcontentcommand-04.png,PNG,878,468,0,0,0,0,30,28,875,463,yes,inner_frame_candidate
commands/excel/images/readfilteredcontentcommand-05.png,PNG,1920,825,0,0,0,0,,,,,no,unchanged
commands/excel/images/readfilteredcontentcommand-06.png,PNG,1920,825,0,0,0,0,,,,,no,unchanged
commands/excel/images/renameexcelsheetcommand-01.png,PNG,648,357,0,0,0,0,,,,,no,unchanged
commands/excel/images/renameexcelsheetcommand-02.png,PNG,820,171,0,0,0,0,,,,,no,unchanged
commands/excel/images/renameexcelsheetcommand-03.png,PNG,934,186,0,0,0,0,,,,,no,unchanged
commands/excel/images/renameexcelsheetcommand-04.png,PNG,653,366,0,0,0,0,,,,,no,unchanged
commands/excel/images/renameexcelsheetcommand-05.png,PNG,383,249,0,0,0,0,3,18,320,246,yes,inner_frame_candidate
commands/excel/images/renameexcelsheetcommand-06.png,PNG,447,221,0,0,0,0,,,,,yes,corner_shadow_candidate
commands/excel/images/runexcelmacrocommand-01.png,PNG,655,304,0,0,0,0,,,,,no,unchanged
commands/excel/images/runexcelmacrocommand-02.png,PNG,658,248,0,0,0,0,,,,,no,unchanged
commands/excel/images/runexcelmacrocommand-03.png,PNG,920,239,0,0,0,0,,,,,no,unchanged
commands/excel/images/runexcelmacrocommand-04.png,PNG,905,132,0,0,0,0,,,,,no,unchanged
commands/excel/images/runexcelmacrocommand-05.png,PNG,1241,339,0,0,0,0,,,,,yes,corner_shadow_candidate
commands/excel/images/saveexcelcommand-01.png,PNG,649,421,0,0,0,0,,,,,no,unchanged
commands/excel/images/saveexcelcommand-02.png,PNG,1061,203,0,0,0,0,,,,,no,unchanged
commands/excel/images/saveexcelcommand-03.png,PNG,654,404,0,0,0,0,,,,,no,unchanged
commands/excel/images/saveexcelcommand-04.png,PNG,1034,227,0,0,0,0,,,,,no,unchanged
commands/excel/images/setexcelcellformatcommand-01.png,PNG,650,540,0,0,0,0,,,,,no,unchanged
commands/excel/images/setexcelcellformatcommand-02.png,PNG,1369,158,0,0,0,0,,,,,no,unchanged
commands/excel/images/setexcelcellformatcommand-03.png,PNG,650,653,0,0,0,0,,,,,no,unchanged
commands/excel/images/setexcelcellformatcommand-04.png,PNG,569,476,0,0,0,0,,,,,no,unchanged
commands/excel/images/setexcelcellformatcommand-05.png,PNG,470,206,0,0,0,0,3,4,465,188,yes,inner_frame_candidate
commands/excel/images/setexcelcellformatcommand-06.png,PNG,466,206,0,0,0,0,,,,,no,unchanged
commands/excel/images/setexcelcellsizecommand-01.png,PNG,648,481,0,0,0,0,,,,,no,unchanged
commands/excel/images/setexcelcellsizecommand-02.png,PNG,1363,151,0,0,0,0,,,,,no,unchanged
commands/excel/images/setexcelcellsizecommand-03.png,PNG,655,548,0,0,0,0,,,,,no,unchanged
commands/excel/images/setexcelcellsizecommand-04.png,PNG,470,206,0,0,0,0,3,4,465,188,yes,inner_frame_candidate
commands/excel/images/setexcelcellsizecommand-05.png,PNG,469,233,0,0,0,0,3,3,465,229,yes,inner_frame_candidate
commands/excel/images/writeexcelcellcommand-10.png,PNG,639,474,0,0,0,0,,,,,no,unchanged
commands/excel/images/writeexcelcellcommand-11.png,PNG,858,195,0,0,0,0,,,,,yes,corner_shadow_candidate
commands/excel/images/writeexcelcellcommand-12.png,PNG,1605,254,0,0,0,0,9,24,1588,235,yes,inner_frame_candidate
commands/excel/images/writeexcelcellcommand-13.png,PNG,1303,225,0,0,0,0,,,,,yes,corner_shadow_candidate
commands/excel/images/writeexcelcellcommand-14.png,PNG,1625,254,0,0,0,0,,,,,yes,corner_shadow_candidate
commands/excel/images/writeexcelcolumncommand-10.png,PNG,640,542,0,0,0,0,,,,,yes,corner_shadow_candidate
commands/excel/images/writeexcelcolumncommand-11.png,PNG,685,145,0,0,0,0,,,,,yes,corner_shadow_candidate
commands/excel/images/writeexcelcolumncommand-12.png,PNG,638,627,0,0,0,0,,,,,no,unchanged
commands/excel/images/writeexcelcolumncommand-13.png,PNG,1244,184,0,0,0,0,,,,,yes,corner_shadow_candidate
commands/excel/images/writeexcelcolumncommand-14.png,PNG,1694,227,0,0,0,0,74,31,1691,224,yes,inner_frame_candidate
commands/excel/images/writeexcelrangecommand-10.png,PNG,634,470,0,0,0,0,,,,,no,unchanged
commands/excel/images/writeexcelrangecommand-11.png,PNG,817,145,0,0,0,0,,,,,yes,corner_shadow_candidate
commands/excel/images/writeexcelrangecommand-12.png,PNG,643,502,0,0,0,0,,,,,yes,corner_shadow_candidate
commands/excel/images/writeexcelrangecommand-13.png,PNG,1235,177,0,0,0,0,,,,,yes,corner_shadow_candidate
commands/excel/images/writeexcelrangecommand-14.png,PNG,1527,240,0,0,0,0,,,,,yes,corner_shadow_candidate
commands/excel/images/writeexcelrowcommand-10.png,PNG,637,542,0,0,0,0,,,,,no,unchanged
commands/excel/images/writeexcelrowcommand-11.png,PNG,687,161,0,0,0,0,,,,,yes,corner_shadow_candidate
commands/excel/images/writeexcelrowcommand-12.png,PNG,635,581,0,0,0,0,,,,,no,unchanged
commands/excel/images/writeexcelrowcommand-13.png,PNG,1249,238,0,0,0,0,,,,,yes,corner_shadow_candidate
commands/excel/images/writeexcelrowcommand-14.png,PNG,1609,248,0,0,0,0,74,24,1606,235,yes,inner_frame_candidate
commands/feishu/images/addcolumntolarkspreadsheetcommand-01.png,PNG,842,210,0,0,0,0,,,,,no,unchanged
commands/feishu/images/addcolumntolarkspreadsheetcommand-02.png,PNG,358,98,0,0,0,0,,,,,yes,corner_shadow_candidate
commands/feishu/images/addcolumntolarkspreadsheetcommand-03.png,PNG,851,201,0,0,0,0,,,,,no,unchanged
commands/feishu/images/addcolumntolarkspreadsheetcommand-04.png,PNG,227,99,0,0,0,0,,,,,yes,corner_shadow_candidate
commands/feishu/images/addcolumntolarkspreadsheetcommand-05.png,PNG,640,429,0,0,0,0,,,,,no,unchanged
commands/feishu/images/addlarkbitabledatatablecommand-01.png,PNG,883,256,0,0,0,0,,,,,no,unchanged
commands/feishu/images/addlarkbitabledatatablecommand-02.png,PNG,954,271,0,0,0,0,,,,,yes,corner_shadow_candidate
commands/feishu/images/addlarkbitabledatatablecommand-03.png,PNG,860,352,0,0,0,0,,,,,yes,corner_shadow_candidate
commands/feishu/images/addlarkbitabledatatablecommand-04.png,PNG,653,549,0,0,0,0,,,,,no,unchanged
commands/feishu/images/addlarkbitablefieldcommand-01.png,PNG,1029,385,0,0,0,0,,,,,no,unchanged
commands/feishu/images/addlarkbitablefieldcommand-02.png,PNG,1026,186,0,0,0,0,,,,,no,unchanged
commands/feishu/images/addlarkbitablefieldcommand-03.png,PNG,643,614,0,0,0,0,,,,,no,unchanged
commands/feishu/images/addlarkbitablefieldcommand-04.png,JPEG,1321,492,0,0,0,0,,,,,no,unchanged
commands/feishu/images/addlarkbitablerecordcommand-01.png,PNG,1098,216,0,0,0,0,,,,,no,unchanged
commands/feishu/images/addlarkbitablerecordcommand-02.png,PNG,1083,129,0,0,0,0,,,,,no,unchanged
commands/feishu/images/addlarkbitablerecordcommand-03.png,JPEG,1139,187,0,0,0,0,,,,,no,unchanged
commands/feishu/images/addlarkbitablerecordcommand-04.png,PNG,650,600,0,0,0,0,,,,,no,unchanged
commands/feishu/images/addlarkbitableviewcommand-01.png,PNG,645,563,0,0,0,0,,,,,no,unchanged
commands/feishu/images/addlarkbitableviewcommand-02.png,PNG,888,212,0,0,0,0,,,,,no,unchanged
commands/feishu/images/addlarkbitableviewcommand-03.png,PNG,964,263,0,0,0,0,,,,,no,unchanged
commands/feishu/images/addlarkbitableviewcommand-04.png,PNG,1008,482,0,0,0,0,,,,,yes,corner_shadow_candidate
commands/feishu/images/addrowtolarkspreadsheetcommand-01.png,PNG,640,431,0,0,0,0,,,,,no,unchanged
commands/feishu/images/addrowtolarkspreadsheetcommand-02.png,PNG,400,178,0,0,0,0,,,,,yes,corner_shadow_candidate
commands/feishu/images/addrowtolarkspreadsheetcommand-03.png,PNG,820,213,0,0,0,0,,,,,no,unchanged
commands/feishu/images/addrowtolarkspreadsheetcommand-04.png,PNG,416,278,0,0,0,0,48,7,358,269,yes,inner_frame_candidate
commands/feishu/images/batchaddlarkbitablerecordcommand-01.png,PNG,641,513,0,0,0,0,,,,,no,unchanged
commands/feishu/images/batchaddlarkbitablerecordcommand-02.png,PNG,894,156,0,0,0,0,,,,,yes,corner_shadow_candidate
commands/feishu/images/batchaddlarkbitablerecordcommand-03.png,PNG,644,506,0,0,0,0,,,,,yes,corner_shadow_candidate
commands/feishu/images/batchaddlarkbitablerecordcommand-04.png,PNG,1308,247,0,0,0,0,,,,,yes,corner_shadow_candidate
commands/feishu/images/batchaddlarkbitablerecordcommand-05.png,PNG,952,229,0,0,0,0,,,,,yes,corner_shadow_candidate
commands/feishu/images/connecttolarkbitablecommand-01.png,PNG,648,417,0,0,0,0,,,,,no,unchanged
commands/feishu/images/connecttolarkbitablecommand-02.png,PNG,1093,188,0,0,0,0,,,,,no,unchanged
commands/feishu/images/copylarkspreadsheetcommand-01.png,PNG,648,400,0,0,0,0,,,,,no,unchanged
commands/feishu/images/copylarkspreadsheetcommand-02.png,PNG,960,190,0,0,0,0,,,,,no,unchanged
commands/feishu/images/copylarkspreadsheetcommand-03.png,PNG,1010,212,0,0,0,0,,,,,no,unchanged
commands/feishu/images/copylarkspreadsheetcommand-04.png,PNG,474,254,0,0,0,0,,,,,yes,corner_shadow_candidate
commands/feishu/images/copylarkspreadsheetcommand-05.png,PNG,462,257,0,0,0,0,,,,,yes,corner_shadow_candidate
commands/feishu/images/deletecolumnfromlarkspreadsheetcommand-01.png,PNG,648,299,0,0,0,0,,,,,no,unchanged
commands/feishu/images/deletecolumnfromlarkspreadsheetcommand-02.png,PNG,842,209,0,0,0,0,,,,,no,unchanged
commands/feishu/images/deletecolumnfromlarkspreadsheetcommand-03.png,PNG,227,99,0,0,0,0,,,,,yes,corner_shadow_candidate
commands/feishu/images/deletecolumnfromlarkspreadsheetcommand-04.png,PNG,849,194,0,0,0,0,,,,,no,unchanged
commands/feishu/images/deletecolumnfromlarkspreadsheetcommand-05.png,PNG,303,100,0,0,0,0,,,,,yes,corner_shadow_candidate
commands/feishu/images/deletelarkbitabledatatablecommand-01.png,PNG,657,359,0,0,0,0,,,,,no,unchanged
commands/feishu/images/deletelarkbitabledatatablecommand-02.png,PNG,911,270,0,0,0,0,,,,,no,unchanged
commands/feishu/images/deletelarkbitabledatatablecommand-03.png,PNG,963,279,0,0,0,0,,,,,no,unchanged
commands/feishu/images/deletelarkbitablefieldcommand-01.png,PNG,1043,389,0,0,0,0,,,,,no,unchanged
commands/feishu/images/deletelarkbitablefieldcommand-02.png,PNG,1033,178,0,0,0,0,,,,,no,unchanged
commands/feishu/images/deletelarkbitablefieldcommand-03.png,PNG,660,471,0,0,0,0,,,,,no,unchanged
commands/feishu/images/deletelarkbitablefieldcommand-04.png,JPEG,1315,90,0,0,0,0,,,,,no,unchanged
commands/feishu/images/deletelarkbitablefieldcommand-05.png,PNG,1072,76,0,0,0,0,,,,,no,unchanged
commands/feishu/images/deletelarkbitablerecordcommand-01.png,PNG,657,474,0,0,0,0,,,,,no,unchanged
commands/feishu/images/deletelarkbitablerecordcommand-02.png,PNG,1134,215,0,0,0,0,,,,,no,unchanged
commands/feishu/images/deletelarkbitablerecordcommand-03.png,PNG,1093,202,0,0,0,0,,,,,no,unchanged
commands/feishu/images/deletelarkbitablerecordcommand-04.png,PNG,1075,132,0,0,0,0,,,,,no,unchanged
commands/feishu/images/deletelarkbitableviewcommand-01.png,PNG,962,260,0,0,0,0,,,,,no,unchanged
commands/feishu/images/deletelarkbitableviewcommand-02.png,PNG,1062,248,0,0,0,0,,,,,no,unchanged
commands/feishu/images/deletelarkbitableviewcommand-03.png,PNG,658,471,0,0,0,0,,,,,yes,corner_shadow_candidate
commands/feishu/images/deleterowfromlarkspreadsheetcommand-01.png,PNG,227,99,0,0,0,0,,,,,yes,corner_shadow_candidate
commands/feishu/images/deleterowfromlarkspreadsheetcommand-02.png,PNG,850,192,0,0,0,0,,,,,no,unchanged
commands/feishu/images/deleterowfromlarkspreadsheetcommand-03.png,PNG,227,99,0,0,0,0,,,,,yes,corner_shadow_candidate
commands/feishu/images/deleterowfromlarkspreadsheetcommand-04.png,PNG,842,186,0,0,0,0,,,,,no,unchanged
commands/feishu/images/deleterowfromlarkspreadsheetcommand-05.png,PNG,648,299,0,0,0,0,,,,,no,unchanged
commands/feishu/images/findlarkspreadsheetcellcommand-01.png,PNG,829,213,0,0,0,0,,,,,no,unchanged
commands/feishu/images/findlarkspreadsheetcellcommand-02.png,PNG,853,248,0,0,0,0,,,,,no,unchanged
commands/feishu/images/findlarkspreadsheetcellcommand-03.png,PNG,648,527,0,0,0,0,,,,,no,unchanged
commands/feishu/images/findlarkspreadsheetcellcommand-04.png,PNG,239,105,0,0,0,0,,,,,yes,corner_shadow_candidate
commands/feishu/images/getlarkaccesstokencommand-01.png,PNG,850,210,0,0,0,0,,,,,no,unchanged
commands/feishu/images/getlarkaccesstokencommand-02.png,PNG,853,157,0,0,0,0,,,,,no,unchanged
commands/feishu/images/getlarkaccesstokencommand-03.png,PNG,647,411,0,0,0,0,,,,,no,unchanged
commands/feishu/images/getlarkbitabledatatablecommand-01.png,PNG,654,346,0,0,0,0,,,,,no,unchanged
commands/feishu/images/getlarkbitabledatatablecommand-02.png,PNG,887,186,0,0,0,0,,,,,yes,corner_shadow_candidate
commands/feishu/images/getlarkbitabledatatablecommand-03.png,PNG,968,229,0,0,0,0,,,,,no,unchanged
commands/feishu/images/getlarkbitabledatatablecommand-04.png,PNG,1382,493,0,0,0,0,,,,,yes,corner_shadow_candidate
commands/feishu/images/getlarkbitablefieldcommand-01.png,PNG,653,456,0,0,0,0,,,,,no,unchanged
commands/feishu/images/getlarkbitablefieldcommand-02.png,PNG,1330,638,0,0,0,0,,,,,no,unchanged
commands/feishu/images/getlarkbitablefieldcommand-03.png,PNG,1320,227,0,0,0,0,,,,,no,unchanged
commands/feishu/images/getlarkbitablefieldcommand-04.png,PNG,660,479,0,0,0,0,,,,,no,unchanged
commands/feishu/images/getlarkbitablefieldcommand-05.png,PNG,1322,170,0,0,0,0,,,,,no,unchanged
commands/feishu/images/getlarkbitablerecordcommand-01.png,PNG,1103,251,0,0,0,0,,,,,no,unchanged
commands/feishu/images/getlarkbitablerecordcommand-02.png,PNG,1092,168,0,0,0,0,,,,,no,unchanged
commands/feishu/images/getlarkbitablerecordcommand-03.png,PNG,641,500,0,0,0,0,,,,,no,unchanged
commands/feishu/images/getlarkbitableviewcommand-01.png,PNG,960,194,0,0,0,0,,,,,no,unchanged
commands/feishu/images/getlarkbitableviewcommand-02.png,PNG,1027,345,0,0,0,0,,,,,no,unchanged
commands/feishu/images/getlarkbitableviewcommand-03.png,PNG,966,234,0,0,0,0,,,,,no,unchanged
commands/feishu/images/getlarkbitableviewcommand-04.png,PNG,647,455,0,0,0,0,,,,,no,unchanged
commands/feishu/images/getlarkspreadsheetcommand-01.png,PNG,651,411,0,0,0,0,,,,,no,unchanged
commands/feishu/images/getlarkspreadsheetcommand-02.png,PNG,822,153,0,0,0,0,,,,,no,unchanged
commands/feishu/images/getlarkspreadsheetcommand-03.png,PNG,645,408,0,0,0,0,,,,,no,unchanged
commands/feishu/images/IgnCWQ-01.png,PNG,642,496,0,0,0,0,,,,,no,unchanged
commands/feishu/images/IgnCWQ-02.png,PNG,616,137,0,0,0,0,,,,,no,unchanged
commands/feishu/images/IgnCWQ-03.png,PNG,645,516,0,0,0,0,,,,,no,unchanged
commands/feishu/images/IgnCWQ-04.png,PNG,428,83,0,0,0,0,,,,,no,unchanged
commands/feishu/images/IgnCWQ-05.png,PNG,1343,175,0,0,0,0,,,,,no,unchanged
commands/feishu/images/querylarkbitablerecordcommand-01.png,PNG,645,696,0,0,0,0,,,,,no,unchanged
commands/feishu/images/querylarkbitablerecordcommand-02.png,PNG,1079,238,0,0,0,0,,,,,no,unchanged
commands/feishu/images/querylarkbitablerecordcommand-03.png,PNG,1074,159,0,0,0,0,,,,,no,unchanged
commands/feishu/images/querylarkbitablerecordcommand-04.png,PNG,1074,289,0,0,0,0,,,,,yes,corner_shadow_candidate
commands/feishu/images/readlarkspreadsheetcommand-01.png,PNG,647,525,0,0,0,0,,,,,no,unchanged
commands/feishu/images/readlarkspreadsheetcommand-02.png,PNG,646,341,0,0,0,0,,,,,yes,corner_shadow_candidate
commands/feishu/images/readlarkspreadsheetcommand-03.png,PNG,1144,717,0,0,0,0,,,,,no,unchanged
commands/feishu/images/readlarkspreadsheetcommand-04.png,PNG,518,190,0,0,0,0,48,4,463,185,yes,inner_frame_candidate
commands/feishu/images/readlarkspreadsheetcommand-05.png,PNG,1361,259,0,0,0,0,,,,,no,unchanged
commands/feishu/images/renamelarkbitabledatatablecommand-01.png,PNG,955,303,0,0,0,0,,,,,no,unchanged
commands/feishu/images/renamelarkbitabledatatablecommand-02.png,PNG,970,268,0,0,0,0,,,,,no,unchanged
commands/feishu/images/renamelarkbitabledatatablecommand-03.png,PNG,651,412,0,0,0,0,,,,,no,unchanged
commands/feishu/images/updatelarkbitablefieldcommand-01.png,PNG,650,629,0,0,0,0,,,,,no,unchanged
commands/feishu/images/updatelarkbitablefieldcommand-02.png,PNG,959,391,0,0,0,0,,,,,no,unchanged
commands/feishu/images/updatelarkbitablefieldcommand-03.png,PNG,962,181,0,0,0,0,,,,,no,unchanged
commands/feishu/images/updatelarkbitablefieldcommand-04.png,PNG,1072,76,0,0,0,0,,,,,no,unchanged
commands/feishu/images/updatelarkbitablefieldcommand-05.png,PNG,1062,81,0,0,0,0,,,,,yes,corner_shadow_candidate
commands/feishu/images/updatelarkbitablerecordcommand-01.png,PNG,658,517,0,0,0,0,,,,,no,unchanged
commands/feishu/images/updatelarkbitablerecordcommand-02.png,PNG,1000,200,0,0,0,0,,,,,no,unchanged
commands/feishu/images/updatelarkbitablerecordcommand-03.png,PNG,973,127,0,0,0,0,,,,,no,unchanged
commands/feishu/images/updatelarkbitablerecordcommand-04.png,PNG,1124,148,0,0,0,0,,,,,no,unchanged
commands/feishu/images/updatelarkbitablerecordcommand-05.png,PNG,1126,173,0,0,0,0,,,,,no,unchanged
commands/feishu/images/updatelarkbitableviewcommand-01.png,PNG,1059,237,0,0,0,0,,,,,no,unchanged
commands/feishu/images/updatelarkbitableviewcommand-02.png,PNG,651,522,0,0,0,0,,,,,no,unchanged
commands/feishu/images/updatelarkbitableviewcommand-03.png,PNG,939,260,0,0,0,0,,,,,no,unchanged
commands/feishu/images/writecolumntolarkspreadsheetcommand-01.png,PNG,227,99,0,0,0,0,,,,,yes,corner_shadow_candidate
commands/feishu/images/writecolumntolarkspreadsheetcommand-02.png,PNG,845,208,0,0,0,0,,,,,no,unchanged
commands/feishu/images/writecolumntolarkspreadsheetcommand-03.png,PNG,851,192,0,0,0,0,,,,,no,unchanged
commands/feishu/images/writecolumntolarkspreadsheetcommand-04.png,PNG,648,405,0,0,0,0,,,,,no,unchanged
commands/feishu/images/writecolumntolarkspreadsheetcommand-05.png,PNG,345,118,0,0,0,0,,,,,no,unchanged
commands/feishu/images/writerowtolarkspreadsheetcommand-01.png,PNG,848,197,0,0,0,0,,,,,no,unchanged
commands/feishu/images/writerowtolarkspreadsheetcommand-02.png,PNG,648,405,0,0,0,0,,,,,no,unchanged
commands/feishu/images/writerowtolarkspreadsheetcommand-03.png,PNG,840,184,0,0,0,0,,,,,no,unchanged
commands/feishu/images/writerowtolarkspreadsheetcommand-04.png,PNG,227,99,0,0,0,0,,,,,yes,corner_shadow_candidate
commands/feishu/images/writerowtolarkspreadsheetcommand-05.png,PNG,228,133,0,0,0,0,,,,,yes,corner_shadow_candidate
commands/flow/images/exit-flow-01.png,PNG,647,240,0,0,0,0,,,,,no,unchanged
commands/flow/images/exit-flow-02.png,PNG,958,108,0,0,0,0,,,,,no,unchanged
commands/flow/images/exit-flow-03.png,PNG,947,169,0,0,0,0,,,,,no,unchanged
commands/flow/images/exit-sub-01.png,PNG,640,238,0,0,0,0,,,,,no,unchanged
commands/flow/images/exit-sub-02.png,PNG,926,703,0,0,0,0,,,,,no,unchanged
commands/flow/images/exit-sub-03.png,PNG,1120,670,0,0,0,0,,,,,no,unchanged
commands/flow/images/invoke-01.png,PNG,660,270,0,0,0,0,,,,,no,unchanged
commands/flow/images/invoke-02.png,PNG,855,154,0,0,0,0,,,,,no,unchanged
commands/flow/images/invoke-03.png,PNG,1500,639,0,0,0,0,,,,,no,unchanged
commands/google/images/addcolumntogooglespreadsheetcommand-01.png,PNG,648,415,0,0,0,0,,,,,no,unchanged
commands/google/images/addcolumntogooglespreadsheetcommand-02.png,PNG,1055,223,0,0,0,0,,,,,no,unchanged
commands/google/images/addcolumntogooglespreadsheetcommand-03.png,PNG,855,324,0,0,0,0,,,,,yes,corner_shadow_candidate
commands/google/images/addcolumntogooglespreadsheetcommand-04.png,PNG,1054,195,0,0,0,0,,,,,no,unchanged
commands/google/images/addrowtogooglespreadsheetcommand-01.png,PNG,643,417,0,0,0,0,,,,,no,unchanged
commands/google/images/addrowtogooglespreadsheetcommand-02.png,PNG,1064,200,0,0,0,0,,,,,no,unchanged
commands/google/images/addrowtogooglespreadsheetcommand-03.png,PNG,752,297,0,0,0,0,,,,,yes,corner_shadow_candidate
commands/google/images/addrowtogooglespreadsheetcommand-04.png,PNG,1059,212,0,0,0,0,,,,,no,unchanged
commands/google/images/deletecolumnfromgooglespreadsheetcommand-01.png,PNG,1060,207,0,0,0,0,,,,,no,unchanged
commands/google/images/deletecolumnfromgooglespreadsheetcommand-02.png,PNG,647,299,0,0,0,0,,,,,no,unchanged
commands/google/images/deletecolumnfromgooglespreadsheetcommand-03.png,PNG,1057,227,0,0,0,0,,,,,no,unchanged
commands/google/images/deleterowfromgooglespreadsheetcommand-01.png,PNG,648,299,0,0,0,0,,,,,no,unchanged
commands/google/images/deleterowfromgooglespreadsheetcommand-02.png,PNG,1058,198,0,0,0,0,,,,,no,unchanged
commands/google/images/deleterowfromgooglespreadsheetcommand-03.png,PNG,842,186,0,0,0,0,,,,,no,unchanged
commands/google/images/deleterowfromgooglespreadsheetcommand-04.png,PNG,1057,218,0,0,0,0,,,,,no,unchanged
commands/google/images/findgooglespreadsheetcellcommand-01.png,PNG,1063,204,0,0,0,0,,,,,no,unchanged
commands/google/images/findgooglespreadsheetcellcommand-02.png,PNG,652,273,0,0,0,0,,,,,yes,corner_shadow_candidate
commands/google/images/findgooglespreadsheetcellcommand-03.png,PNG,647,521,0,0,0,0,,,,,no,unchanged
commands/google/images/findgooglespreadsheetcellcommand-04.png,PNG,1054,218,0,0,0,0,,,,,no,unchanged
commands/google/images/findgooglespreadsheetcellcommand-05.png,PNG,1071,336,0,0,0,0,,,,,no,unchanged
commands/google/images/getgooglecredentialcommand-01.png,PNG,648,402,0,0,0,0,,,,,no,unchanged
commands/google/images/getgooglecredentialcommand-02.png,PNG,1201,115,0,0,0,0,,,,,no,unchanged
commands/google/images/getgooglecredentialcommand-03.png,PNG,1186,165,0,0,0,0,,,,,no,unchanged
commands/google/images/getgooglespreadsheetcommand-01.png,PNG,1063,187,0,0,0,0,,,,,no,unchanged
commands/google/images/getgooglespreadsheetcommand-02.png,PNG,1062,210,0,0,0,0,,,,,no,unchanged
commands/google/images/getgooglespreadsheetcommand-03.png,PNG,648,458,0,0,0,0,,,,,no,unchanged
commands/google/images/getgooglespreadsheetcommand-04.png,PNG,1180,972,0,0,0,0,48,5,1154,933,yes,inner_frame_candidate
commands/google/images/readgooglespreadsheetcommand-01.png,PNG,1057,338,0,0,0,0,,,,,yes,corner_shadow_candidate
commands/google/images/readgooglespreadsheetcommand-02.png,PNG,1061,193,0,0,0,0,,,,,no,unchanged
commands/google/images/readgooglespreadsheetcommand-03.png,PNG,1053,214,0,0,0,0,,,,,no,unchanged
commands/google/images/readgooglespreadsheetcommand-04.png,PNG,643,510,0,0,0,0,,,,,no,unchanged
commands/google/images/writecolumntogooglespreadsheetcommand-01.png,PNG,1052,184,0,0,0,0,,,,,no,unchanged
commands/google/images/writecolumntogooglespreadsheetcommand-03.png,PNG,899,290,0,0,0,0,,,,,no,unchanged
commands/google/images/writecolumntogooglespreadsheetcommand-04.png,PNG,1054,213,0,0,0,0,,,,,no,unchanged
commands/google/images/writecolumntogooglespreadsheetcommand-10.jpg,JPEG,642,434,0,0,0,0,,,,,no,unchanged
commands/google/images/writerowtogooglespreadsheetcommand-02.png,PNG,1048,219,0,0,0,0,,,,,no,unchanged
commands/google/images/writerowtogooglespreadsheetcommand-03.png,PNG,1067,196,0,0,0,0,,,,,no,unchanged
commands/google/images/writerowtogooglespreadsheetcommand-04.png,PNG,955,320,0,0,0,0,,,,,yes,corner_shadow_candidate
commands/google/images/writerowtogooglespreadsheetcommand-10.jpg,JPEG,640,432,0,0,0,0,,,,,no,unchanged
commands/group-notification/images/notifydingtalkgroupcommand-01.png,PNG,1003,154,0,0,0,0,,,,,no,unchanged
commands/group-notification/images/notifydingtalkgroupcommand-02.png,PNG,1020,129,0,0,0,0,,,,,no,unchanged
commands/group-notification/images/notifydingtalkgroupcommand-03.png,PNG,660,560,0,0,0,0,,,,,no,unchanged
commands/group-notification/images/notifylarkgroupcommand-01.png,PNG,978,646,0,0,0,0,,,,,no,unchanged
commands/group-notification/images/notifywechatworkgroupcommand-01.png,PNG,649,495,0,0,0,0,,,,,no,unchanged
commands/group-notification/images/notifywechatworkgroupcommand-02.png,PNG,647,134,0,0,0,0,,,,,no,unchanged
commands/group-notification/images/notifywechatworkgroupcommand-03.png,PNG,646,610,0,0,0,0,,,,,no,unchanged
commands/group-notification/images/notifywechatworkgroupcommand-04.png,PNG,395,654,0,0,0,0,,,,,no,unchanged
commands/loop/images/break-01-panel.png,PNG,660,270,0,0,0,0,,,,,no,unchanged
commands/loop/images/break-02-flow.png,PNG,1492,712,0,0,0,0,,,,,no,unchanged
commands/loop/images/break-03.png,PNG,667,418,0,0,0,0,,,,,no,unchanged
commands/loop/images/continue-01.png,PNG,660,270,0,0,0,0,,,,,no,unchanged
commands/loop/images/continue-02.png,PNG,936,289,0,0,0,0,,,,,no,unchanged
commands/loop/images/continue-03.png,PNG,923,285,0,0,0,0,,,,,yes,corner_shadow_candidate
commands/loop/images/dict-for-each-01-panel.png,PNG,660,367,0,0,0,0,,,,,no,unchanged
commands/loop/images/dict-for-each-02-create.png,PNG,654,373,0,0,0,0,,,,,no,unchanged
commands/loop/images/dict-for-each-03-edit.png,PNG,685,605,0,0,0,0,,,,,no,unchanged
commands/loop/images/dict-for-each-04.png,PNG,792,276,0,0,0,0,,,,,no,unchanged
commands/loop/images/dict-for-each-05.png,PNG,1337,467,0,0,0,0,,,,,no,unchanged
commands/loop/images/end-loop-01-panel.png,PNG,660,270,0,0,0,0,,,,,no,unchanged
commands/loop/images/end-loop-02-flow.png,PNG,1100,325,0,0,0,0,,,,,no,unchanged
commands/loop/images/end-loop-03.png,PNG,1093,415,0,0,0,0,,,,,no,unchanged
commands/loop/images/for-each-01.png,PNG,643,403,0,0,0,0,,,,,no,unchanged
commands/loop/images/for-each-02.png,PNG,706,250,0,0,0,0,,,,,no,unchanged
commands/loop/images/for-each-03.png,PNG,1337,457,0,0,0,0,,,,,yes,corner_shadow_candidate
commands/loop/images/infinite-loop-01-panel.png,PNG,660,353,0,0,0,0,,,,,no,unchanged
commands/loop/images/infinite-loop-02-flow.png,PNG,1090,321,0,0,0,0,,,,,no,unchanged
commands/loop/images/infinite-loop-03.png,PNG,1089,408,0,0,0,0,,,,,yes,corner_shadow_candidate
commands/loop/images/loop-by-count-01.png,PNG,646,357,0,0,0,0,,,,,no,unchanged
commands/loop/images/loop-by-count-02.png,PNG,927,226,0,0,0,0,,,,,no,unchanged
commands/loop/images/loop-by-count-03.png,PNG,1352,414,0,0,0,0,,,,,no,unchanged
commands/loop/images/loop-datasheet-01.png,PNG,651,472,0,0,0,0,,,,,no,unchanged
commands/loop/images/loop-datasheet-02.png,PNG,846,181,0,0,0,0,,,,,no,unchanged
commands/loop/images/loop-datasheet-03.png,PNG,1341,243,0,0,0,0,,,,,yes,corner_shadow_candidate
commands/loop/images/web-loop-similar-01.png,PNG,654,474,0,0,0,0,,,,,no,unchanged
commands/loop/images/web-loop-similar-02.png,PNG,853,228,0,0,0,0,,,,,no,unchanged
commands/loop/images/web-loop-similar-show1.png,PNG,1590,879,0,0,0,0,,,,,no,unchanged
commands/loop/images/web-loop-similar-show2.png,PNG,1361,469,0,0,0,0,,,,,no,unchanged
commands/loop/images/while-01.png,PNG,646,424,0,0,0,0,,,,,no,unchanged
commands/loop/images/while-02.png,PNG,583,271,0,0,0,0,,,,,no,unchanged
commands/loop/images/while-03.png,PNG,1339,444,0,0,0,0,,,,,no,unchanged
commands/loop/images/win-loop-similar-01.png,PNG,648,415,0,0,0,0,,,,,no,unchanged
commands/loop/images/win-loop-similar-02.png,PNG,934,406,0,0,0,0,,,,,no,unchanged
commands/loop/images/win-loop-similar-03.png,PNG,1341,464,0,0,0,0,,,,,yes,corner_shadow_candidate
commands/mouse-keyboard/images/clickimagecommand-01.png,PNG,660,438,0,0,0,0,,,,,no,unchanged
commands/mouse-keyboard/images/clickimagecommand-02.png,PNG,660,606,0,0,0,0,,,,,no,unchanged
commands/mouse-keyboard/images/clickimagecommand-03.png,PNG,403,336,0,0,0,0,,,,,no,unchanged
commands/mouse-keyboard/images/clickimagecommand-04.png,PNG,648,548,0,0,0,0,,,,,no,unchanged
commands/mouse-keyboard/images/clickimagecommand-05.png,PNG,853,111,0,0,0,0,,,,,no,unchanged
commands/mouse-keyboard/images/clickimagecommand-06.png,PNG,836,180,0,0,0,0,,,,,no,unchanged
commands/mouse-keyboard/images/hoverimagecommand-01.png,PNG,648,301,0,0,0,0,,,,,no,unchanged
commands/mouse-keyboard/images/hoverimagecommand-02.png,PNG,648,591,0,0,0,0,,,,,no,unchanged
commands/mouse-keyboard/images/hoverimagecommand-03.png,PNG,1872,966,0,0,0,0,,,,,yes,corner_shadow_candidate
commands/mouse-keyboard/images/hoverimagecommand-04.png,PNG,403,334,0,0,0,0,,,,,no,unchanged
commands/mouse-keyboard/images/hoverimagecommand-05.png,PNG,648,433,0,0,0,0,,,,,no,unchanged
commands/mouse-keyboard/images/hoverimagecommand-06.png,PNG,1872,966,0,0,0,0,,,,,yes,corner_shadow_candidate
commands/mouse-keyboard/images/hoverimagecommand-07.png,PNG,854,102,0,0,0,0,,,,,no,unchanged
commands/mouse-keyboard/images/hoverimagecommand-08.png,PNG,852,188,0,0,0,0,,,,,no,unchanged
commands/mouse-keyboard/images/keyboardinputcommand-01.png,PNG,646,375,0,0,0,0,,,,,no,unchanged
commands/mouse-keyboard/images/keyboardinputcommand-02.png,PNG,648,343,0,0,0,0,,,,,no,unchanged
commands/mouse-keyboard/images/keyboardinputcommand-03.png,PNG,836,166,0,0,0,0,,,,,no,unchanged
commands/mouse-keyboard/images/keyboardinputcommand-04.png,PNG,385,219,0,0,0,0,,,,,no,unchanged
commands/mouse-keyboard/images/mouseclickcommand-01.png,PNG,653,651,0,0,0,0,,,,,no,unchanged
commands/mouse-keyboard/images/mouseclickcommand-02.png,PNG,897,332,0,0,0,0,,,,,no,unchanged
commands/mouse-keyboard/images/mouseclickcommand-03.png,PNG,1357,232,0,0,0,0,,,,,no,unchanged
commands/mouse-keyboard/images/mouseclickcommand-04.gif,GIF,958,372,0,0,0,0,,,,,no,unchanged
commands/mouse-keyboard/images/mousemovecommand-01.png,PNG,648,486,0,0,0,0,,,,,no,unchanged
commands/mouse-keyboard/images/mousemovecommand-02.png,PNG,1278,449,0,0,0,0,,,,,no,unchanged
commands/mouse-keyboard/images/mousescrollcommand-01.png,PNG,978,459,0,0,0,0,,,,,no,unchanged
commands/mouse-keyboard/images/mousescrollcommand-02.png,PNG,978,523,0,0,0,0,,,,,no,unchanged
commands/mouse-keyboard/images/mousescrollcommand-03.png,PNG,1275,383,0,0,0,0,,,,,no,unchanged
commands/os/images/checkprocessexistcommand-01.png,PNG,1233,303,0,0,0,0,,,,,no,unchanged
commands/os/images/checkprocessexistcommand-02.png,PNG,1074,270,0,0,0,0,,,,,no,unchanged
commands/os/images/checkprocessexistcommand-03.png,PNG,1237,321,0,0,0,0,,,,,no,unchanged
commands/os/images/checkprocessexistcommand-04.png,PNG,973,598,0,0,0,0,,,,,no,unchanged
commands/os/images/clearclipboarddatacommand-01.png,PNG,961,331,0,0,0,0,,,,,no,unchanged
commands/os/images/clearclipboarddatacommand-02.png,PNG,1044,490,0,0,0,0,,,,,no,unchanged
commands/os/images/clearclipboarddatacommand-03.png,PNG,1234,514,0,0,0,0,,,,,no,unchanged
commands/os/images/clearfoldercommand-01.png,PNG,713,303,0,0,0,0,,,,,no,unchanged
commands/os/images/clearfoldercommand-02.png,GIF,1827,945,0,0,0,0,,,,,no,unchanged
commands/os/images/clearfoldercommand-03.png,PNG,1134,839,0,0,0,0,3,3,1131,836,yes,inner_frame_candidate
commands/os/images/compressfilecommand-01.png,PNG,654,466,0,0,0,0,,,,,no,unchanged
commands/os/images/compressfilecommand-02.png,PNG,655,547,0,0,0,0,,,,,no,unchanged
commands/os/images/compressfilecommand-03.png,PNG,839,180,0,0,0,0,,,,,no,unchanged
commands/os/images/compressfilecommand-04.png,PNG,934,201,0,0,0,0,,,,,no,unchanged
commands/os/images/compressfilecommand-05.png,PNG,393,155,0,0,0,0,,,,,no,unchanged
commands/os/images/copyfilecommand-01.png,PNG,957,112,0,0,0,0,,,,,no,unchanged
commands/os/images/copyfilecommand-02.png,PNG,956,168,0,0,0,0,,,,,no,unchanged
commands/os/images/copyfilecommand-03.png,PNG,648,463,0,0,0,0,,,,,no,unchanged
commands/os/images/copyfilecommand-04.png,PNG,648,462,0,0,0,0,,,,,no,unchanged
commands/os/images/copyfoldercommand-01.png,PNG,847,672,0,0,0,0,,,,,no,unchanged
commands/os/images/copyfoldercommand-02.png,PNG,1114,163,0,0,0,0,,,,,no,unchanged
commands/os/images/copyfoldercommand-03.png,PNG,852,685,0,0,0,0,,,,,no,unchanged
commands/os/images/copyfoldercommand-04.png,PNG,1138,250,0,0,0,0,,,,,no,unchanged
commands/os/images/createfoldercommand-01.png,PNG,852,103,0,0,0,0,,,,,no,unchanged
commands/os/images/createfoldercommand-02.png,PNG,841,166,0,0,0,0,,,,,no,unchanged
commands/os/images/createfoldercommand-03.png,PNG,519,147,0,0,0,0,,,,,no,unchanged
commands/os/images/createfoldercommand-04.png,PNG,648,402,0,0,0,0,,,,,no,unchanged
commands/os/images/createfoldercommand-05.png,PNG,523,133,0,0,0,0,,,,,yes,corner_shadow_candidate
commands/os/images/decompressfilecommand-01.png,PNG,849,177,0,0,0,0,,,,,no,unchanged
commands/os/images/decompressfilecommand-02.png,PNG,947,206,0,0,0,0,,,,,no,unchanged
commands/os/images/decompressfilecommand-03.png,PNG,654,471,0,0,0,0,,,,,no,unchanged
commands/os/images/decompressfilecommand-04.png,PNG,649,443,0,0,0,0,,,,,no,unchanged
commands/os/images/decompressfilecommand-05.png,PNG,355,151,0,0,0,0,,,,,no,unchanged
commands/os/images/deletefilecommand-01.png,PNG,958,165,0,0,0,0,,,,,no,unchanged
commands/os/images/deletefilecommand-02.png,PNG,648,243,0,0,0,0,,,,,no,unchanged
commands/os/images/deletefilecommand-03.png,PNG,955,112,0,0,0,0,,,,,no,unchanged
commands/os/images/deletefilecommand-04.png,PNG,648,243,0,0,0,0,,,,,no,unchanged
commands/os/images/deletefoldercommand-01.png,PNG,713,303,0,0,0,0,,,,,no,unchanged
commands/os/images/deletefoldercommand-02.png,GIF,1827,945,0,0,0,0,,,,,no,unchanged
commands/os/images/deletefoldercommand-03.png,PNG,1136,832,0,0,0,0,,,,,no,unchanged
commands/os/images/executedoscommand-01.png,PNG,648,341,0,0,0,0,,,,,no,unchanged
commands/os/images/executedoscommand-02.png,PNG,648,341,0,0,0,0,,,,,no,unchanged
commands/os/images/executedoscommand-03.png,PNG,857,113,0,0,0,0,,,,,no,unchanged
commands/os/images/executedoscommand-04.png,PNG,843,365,0,0,0,0,,,,,no,unchanged
commands/os/images/executedoscommand-05.png,PNG,636,336,0,0,0,0,,,,,yes,corner_shadow_candidate
commands/os/images/getclipboardtextcommand-01.png,PNG,967,430,0,0,0,0,,,,,no,unchanged
commands/os/images/getclipboardtextcommand-02.png,PNG,1246,285,0,0,0,0,,,,,no,unchanged
commands/os/images/getclipboardtextcommand-03.png,PNG,1231,382,0,0,0,0,,,,,no,unchanged
commands/os/images/getcurrentdatetimecommand-01.png,PNG,1280,224,0,0,0,0,,,,,no,unchanged
commands/os/images/getcurrentdatetimecommand-02.png,PNG,651,344,0,0,0,0,,,,,no,unchanged
commands/os/images/getcurrentdatetimecommand-03.png,PNG,1359,280,0,0,0,0,,,,,no,unchanged
commands/os/images/getfilecontentcommand-01.png,PNG,611,174,0,0,0,0,,,,,no,unchanged
commands/os/images/getfilecontentcommand-02.png,PNG,976,149,0,0,0,0,,,,,no,unchanged
commands/os/images/getfilecontentcommand-03.png,PNG,359,106,0,0,0,0,,,,,no,unchanged
commands/os/images/getfilecontentcommand-04.png,PNG,660,479,0,0,0,0,,,,,no,unchanged
commands/os/images/getfilepathinfocommand-01.png,PNG,648,344,0,0,0,0,,,,,no,unchanged
commands/os/images/getfilepathinfocommand-02.png,PNG,694,448,0,0,0,0,,,,,no,unchanged
commands/os/images/getfilepathinfocommand-03.png,PNG,1246,453,0,0,0,0,,,,,no,unchanged
commands/os/images/getfilepathinfocommand-04.png,PNG,1230,546,0,0,0,0,,,,,no,unchanged
commands/os/images/getfilescommand-01.png,PNG,649,576,0,0,0,0,,,,,no,unchanged
commands/os/images/getfilescommand-02.png,PNG,934,266,0,0,0,0,,,,,no,unchanged
commands/os/images/getfilescommand-03.png,PNG,648,675,0,0,0,0,,,,,no,unchanged
commands/os/images/getfilescommand-04.png,PNG,866,343,0,0,0,0,,,,,yes,corner_shadow_candidate
commands/os/images/getfilescommand-05.png,PNG,1336,383,0,0,0,0,,,,,no,unchanged
commands/os/images/killprocesscommand-01.png,PNG,1237,321,0,0,0,0,,,,,no,unchanged
commands/os/images/killprocesscommand-02.png,PNG,1074,270,0,0,0,0,,,,,no,unchanged
commands/os/images/killprocesscommand-03.png,PNG,1233,303,0,0,0,0,,,,,no,unchanged
commands/os/images/killprocesscommand-04.png,PNG,976,462,0,0,0,0,,,,,no,unchanged
commands/os/images/launchapplicationcommand-01.png,PNG,648,453,0,0,0,0,,,,,no,unchanged
commands/os/images/launchapplicationcommand-02.png,PNG,859,126,0,0,0,0,,,,,no,unchanged
commands/os/images/launchapplicationcommand-03.png,PNG,836,135,0,0,0,0,,,,,no,unchanged
commands/os/images/launchapplicationcommand-04.png,PNG,1323,808,0,0,0,0,6,3,1320,805,yes,inner_frame_candidate
commands/os/images/movefilecommand-01.png,PNG,959,168,0,0,0,0,,,,,no,unchanged
commands/os/images/movefilecommand-02.png,PNG,648,462,0,0,0,0,,,,,no,unchanged
commands/os/images/movefilecommand-03.png,PNG,648,461,0,0,0,0,,,,,no,unchanged
commands/os/images/movefilecommand-04.png,PNG,960,106,0,0,0,0,,,,,no,unchanged
commands/os/images/movefoldercommand-01.png,PNG,862,691,0,0,0,0,,,,,no,unchanged
commands/os/images/movefoldercommand-02.png,PNG,1183,154,0,0,0,0,,,,,no,unchanged
commands/os/images/movefoldercommand-03.png,PNG,1180,259,0,0,0,0,,,,,no,unchanged
commands/os/images/movefoldercommand-04.png,PNG,847,688,0,0,0,0,,,,,no,unchanged
commands/os/images/renamefilecommand-01.png,PNG,842,163,0,0,0,0,,,,,no,unchanged
commands/os/images/renamefilecommand-02.png,PNG,881,192,0,0,0,0,,,,,no,unchanged
commands/os/images/renamefilecommand-10.jpg,JPEG,643,459,0,0,0,0,,,,,no,unchanged
commands/os/images/renamefoldercommand-01.png,PNG,1131,210,0,0,0,0,,,,,no,unchanged
commands/os/images/renamefoldercommand-02.png,PNG,1176,250,0,0,0,0,,,,,no,unchanged
commands/os/images/renamefoldercommand-03.png,PNG,858,697,0,0,0,0,,,,,no,unchanged
commands/os/images/setclipboarddatacommand-01.png,PNG,1246,285,0,0,0,0,,,,,no,unchanged
commands/os/images/setclipboarddatacommand-02.png,PNG,1231,382,0,0,0,0,,,,,no,unchanged
commands/os/images/setclipboarddatacommand-03.png,PNG,963,549,0,0,0,0,,,,,no,unchanged
commands/os/images/writefilecontentcommand-01.png,PNG,1280,173,0,0,0,0,,,,,no,unchanged
commands/os/images/writefilecontentcommand-02.png,PNG,465,168,0,0,0,0,,,,,no,unchanged
commands/os/images/writefilecontentcommand-03.png,PNG,978,732,0,0,0,0,,,,,no,unchanged
commands/os/images/writefilecontentcommand-04.png,PNG,999,755,0,0,0,0,3,3,996,752,yes,inner_frame_candidate
commands/others/images/addlogmessagecommand-01.png,PNG,960,242,0,0,0,0,,,,,no,unchanged
commands/others/images/addlogmessagecommand-02.png,PNG,948,361,0,0,0,0,,,,,no,unchanged
commands/others/images/addlogmessagecommand-03.png,PNG,660,537,0,0,0,0,,,,,yes,corner_shadow_candidate
commands/others/images/addlogmessagecommand-04.png,PNG,644,321,0,0,0,0,,,,,no,unchanged
commands/others/images/catchcommand-01.png,PNG,948,170,0,0,0,0,,,,,no,unchanged
commands/others/images/catchcommand-02.png,PNG,648,328,0,0,0,0,,,,,no,unchanged
commands/others/images/catchcommand-03.png,PNG,954,337,0,0,0,0,,,,,no,unchanged
commands/others/images/commentcommand-01.png,PNG,849,101,0,0,0,0,,,,,no,unchanged
commands/others/images/commentcommand-02.png,PNG,648,241,0,0,0,0,,,,,no,unchanged
commands/others/images/commentcommand-03.png,PNG,648,241,0,0,0,0,,,,,no,unchanged
commands/others/images/commentcommand-04.png,PNG,556,328,0,0,0,0,,,,,no,unchanged
commands/others/images/endtrycommand-01.png,PNG,948,170,0,0,0,0,,,,,no,unchanged
commands/others/images/endtrycommand-02.png,PNG,954,337,0,0,0,0,,,,,no,unchanged
commands/others/images/endtrycommand-03.png,PNG,648,245,0,0,0,0,,,,,no,unchanged
commands/others/images/executepythonmodulecommand-01.png,PNG,644,693,0,0,0,0,,,,,no,unchanged
commands/others/images/executepythonmodulecommand-02.png,PNG,701,157,0,0,0,0,,,,,no,unchanged
commands/others/images/executepythonmodulecommand-03.png,PNG,642,684,0,0,0,0,,,,,no,unchanged
commands/others/images/executepythonmodulecommand-04.png,PNG,1341,216,0,0,0,0,,,,,yes,corner_shadow_candidate
commands/others/images/raisecommand-01.png,PNG,834,697,0,0,0,0,,,,,no,unchanged
commands/others/images/raisecommand-02.png,PNG,655,250,0,0,0,0,,,,,no,unchanged
commands/others/images/raisecommand-03.png,PNG,838,711,0,0,0,0,,,,,no,unchanged
commands/others/images/raisecommand-04.png,PNG,1246,364,0,0,0,0,,,,,no,unchanged
commands/others/images/sendhttprequestcommand-01.png,PNG,641,529,0,0,0,0,,,,,no,unchanged
commands/others/images/sendhttprequestcommand-02.png,PNG,941,201,0,0,0,0,,,,,no,unchanged
commands/others/images/sendhttprequestcommand-03.png,PNG,638,593,0,0,0,0,,,,,no,unchanged
commands/others/images/sendhttprequestcommand-04.png,PNG,1344,254,0,0,0,0,,,,,no,unchanged
commands/others/images/showaccountinputcommand-01.png,PNG,642,349,0,0,0,0,,,,,no,unchanged
commands/others/images/showaccountinputcommand-02.png,PNG,852,115,0,0,0,0,,,,,no,unchanged
commands/others/images/showaccountinputcommand-03.png,PNG,584,224,0,0,0,0,,,,,no,unchanged
commands/others/images/showaccountinputcommand-04.png,PNG,839,145,0,0,0,0,,,,,no,unchanged
commands/others/images/showmessageboxcommand-01.png,PNG,651,386,0,0,0,0,,,,,no,unchanged
commands/others/images/showmessageboxcommand-02.png,PNG,650,387,0,0,0,0,,,,,no,unchanged
commands/others/images/showmessageboxcommand-03.png,PNG,968,101,0,0,0,0,,,,,no,unchanged
commands/others/images/showmessageboxcommand-04.png,PNG,1278,604,0,0,0,0,,,,,no,unchanged
commands/others/images/showmessagetipscommand-01.png,PNG,1283,168,0,0,0,0,,,,,no,unchanged
commands/others/images/showmessagetipscommand-02.png,PNG,242,48,0,0,0,0,,,,,no,unchanged
commands/others/images/showmessagetipscommand-03.png,PNG,978,336,0,0,0,0,,,,,no,unchanged
commands/others/images/showmessagetipscommand-04.png,PNG,1263,233,0,0,0,0,,,,,no,unchanged
commands/others/images/showmessagetipscommand-05.png,PNG,978,614,0,0,0,0,,,,,no,unchanged
commands/others/images/showopenfilecommand-01.png,PNG,654,447,0,0,0,0,,,,,no,unchanged
commands/others/images/showopenfilecommand-02.png,PNG,656,293,0,0,0,0,,,,,no,unchanged
commands/others/images/showopenfilecommand-03.png,PNG,283,249,0,0,0,0,,,,,no,unchanged
commands/others/images/showopenfilecommand-04.png,PNG,848,101,0,0,0,0,,,,,no,unchanged
commands/others/images/showopenfilecommand-05.png,PNG,1013,525,0,0,0,0,,,,,yes,corner_shadow_candidate
commands/others/images/showopenfilecommand-06.png,PNG,839,133,0,0,0,0,,,,,no,unchanged
commands/others/images/showopenfoldercommand-01.png,PNG,656,364,0,0,0,0,,,,,no,unchanged
commands/others/images/showopenfoldercommand-02.png,PNG,853,103,0,0,0,0,,,,,no,unchanged
commands/others/images/showopenfoldercommand-03.png,PNG,1019,534,0,0,0,0,,,,,yes,corner_shadow_candidate
commands/others/images/showopenfoldercommand-04.png,PNG,830,136,0,0,0,0,,,,,no,unchanged
commands/others/images/showopenfoldercommand-05.png,PNG,641,255,0,0,0,0,,,,,no,unchanged
commands/others/images/showtextinputcommand-01.png,PNG,651,531,0,0,0,0,,,,,no,unchanged
commands/others/images/showtextinputcommand-02.png,PNG,747,298,0,0,0,0,,,,,no,unchanged
commands/others/images/showtextinputcommand-03.png,PNG,870,142,0,0,0,0,,,,,no,unchanged
commands/others/images/showtextinputcommand-04.png,PNG,639,528,0,0,0,0,,,,,no,unchanged
commands/others/images/showtextinputcommand-05.png,PNG,1346,175,0,0,0,0,,,,,no,unchanged
commands/others/images/trycommand-01.png,PNG,651,248,0,0,0,0,,,,,no,unchanged
commands/others/images/trycommand-02.png,PNG,1353,240,0,0,0,0,,,,,no,unchanged
commands/others/images/trycommand-03.png,PNG,1398,816,0,0,0,0,,,,,yes,corner_shadow_candidate
commands/others/images/trycommand-04.png,PNG,870,292,0,0,0,0,,,,,no,unchanged
commands/wait/images/wait-command-01.png,PNG,643,254,0,0,0,0,,,,,no,unchanged
commands/wait/images/wait-command-effect.png,PNG,840,200,0,0,0,0,,,,,yes,corner_shadow_candidate
commands/wait/images/wait-command-flow.png,PNG,861,142,0,0,0,0,,,,,no,unchanged
commands/wait/images/wait-image-02.png,PNG,50,39,0,0,0,0,,,,,no,unchanged
commands/wait/images/wait-image-captured.png,PNG,345,288,0,0,0,0,,,,,no,unchanged
commands/wait/images/wait-image-effect.png,PNG,744,176,0,0,0,0,,,,,yes,corner_shadow_candidate
commands/wait/images/wait-image-flow.png,PNG,852,149,0,0,0,0,,,,,no,unchanged
commands/wait/images/wait-image-panel.png,PNG,660,535,0,0,0,0,,,,,no,unchanged
commands/wait/images/wait-page-content-01.png,PNG,645,578,0,0,0,0,,,,,no,unchanged
commands/wait/images/wait-page-content-effect-1.png,PNG,1887,968,0,0,0,0,,,,,yes,corner_shadow_candidate
commands/wait/images/wait-page-content-effect-2.png,PNG,948,275,0,0,0,0,,,,,no,unchanged
commands/wait/images/wait-page-content-flow.png,PNG,948,237,0,0,0,0,,,,,no,unchanged
commands/wait/images/wait-page-loaded-01.png,PNG,653,362,0,0,0,0,,,,,no,unchanged
commands/wait/images/wait-page-loaded-02.png,PNG,787,212,0,0,0,0,,,,,no,unchanged
commands/wait/images/wait-page-loaded-03.png,PNG,798,225,0,0,0,0,,,,,no,unchanged
commands/web-automation/images/web-capture-01.png,PNG,646,638,0,0,0,0,,,,,no,unchanged
commands/web-automation/images/web-capture-02.png,PNG,1230,170,0,0,0,0,,,,,no,unchanged
commands/web-automation/images/web-capture-03.png,PNG,643,700,0,0,0,0,,,,,yes,corner_shadow_candidate
commands/web-automation/images/web-capture-04.png,PNG,1593,706,0,0,0,0,,,,,yes,corner_shadow_candidate
commands/web-automation/images/web-capture-05.png,PNG,1333,194,0,0,0,0,,,,,yes,corner_shadow_candidate
commands/web-automation/images/web-capture-06.png,PNG,1115,410,0,0,0,0,,,,,yes,corner_shadow_candidate
commands/web-automation/images/web-checkbox-01.png,PNG,652,376,0,0,0,0,,,,,no,unchanged
commands/web-automation/images/web-checkbox-02.png,PNG,852,228,0,0,0,0,,,,,no,unchanged
commands/web-automation/images/web-checkbox-03.png,PNG,332,178,0,0,0,0,,,,,no,unchanged
commands/web-automation/images/web-checkbox-04.png,PNG,390,188,0,0,0,0,,,,,no,unchanged
commands/web-automation/images/web-checkbox-05.png,PNG,845,247,0,0,0,0,,,,,yes,corner_shadow_candidate
commands/web-automation/images/web-click-01.png,PNG,653,318,0,0,0,0,,,,,no,unchanged
commands/web-automation/images/web-click-02.png,PNG,649,698,0,0,0,0,,,,,no,unchanged
commands/web-automation/images/web-click-03.png,PNG,735,162,0,0,0,0,,,,,no,unchanged
commands/web-automation/images/web-click-04.png,PNG,638,314,0,0,0,0,,,,,no,unchanged
commands/web-automation/images/web-click-05.png,PNG,1352,183,0,0,0,0,,,,,no,unchanged
commands/web-automation/images/web-close-01.png,PNG,649,319,0,0,0,0,,,,,no,unchanged
commands/web-automation/images/web-close-02.png,PNG,808,185,0,0,0,0,,,,,no,unchanged
commands/web-automation/images/web-close-03.png,PNG,1343,192,0,0,0,0,,,,,no,unchanged
commands/web-automation/images/web-cookie-del-01.png,PNG,646,357,0,0,0,0,,,,,no,unchanged
commands/web-automation/images/web-cookie-del-02.png,PNG,957,144,0,0,0,0,,,,,no,unchanged
commands/web-automation/images/web-cookie-del-03.png,PNG,956,197,0,0,0,0,,,,,no,unchanged
commands/web-automation/images/web-cookie-get-01.png,PNG,660,423,0,0,0,0,,,,,no,unchanged
commands/web-automation/images/web-cookie-get-02.png,PNG,1035,195,0,0,0,0,,,,,no,unchanged
commands/web-automation/images/web-cookie-set-01.png,PNG,650,433,0,0,0,0,,,,,no,unchanged
commands/web-automation/images/web-cookie-set-02.png,PNG,1280,800,0,0,0,0,,,,,no,unchanged
commands/web-automation/images/web-cookie-set-03.png,PNG,786,179,0,0,0,0,,,,,no,unchanged
commands/web-automation/images/web-cookie-set-04.png,PNG,643,431,0,0,0,0,,,,,no,unchanged
commands/web-automation/images/web-cookie-set-05.png,PNG,1351,182,0,0,0,0,,,,,no,unchanged
commands/web-automation/images/web-download-01.png,PNG,647,681,0,0,0,0,,,,,no,unchanged
commands/web-automation/images/web-download-02.png,PNG,642,317,0,0,0,0,,,,,no,unchanged
commands/web-automation/images/web-download-03.png,PNG,1117,173,0,0,0,0,,,,,no,unchanged
commands/web-automation/images/web-download-04.png,PNG,648,678,0,0,0,0,,,,,no,unchanged
commands/web-automation/images/web-download-05.png,PNG,1745,934,0,0,0,0,,,,,no,unchanged
commands/web-automation/images/web-download-06.png,PNG,1357,179,0,0,0,0,,,,,no,unchanged
commands/web-automation/images/web-download-07.png,PNG,976,120,0,0,0,0,,,,,yes,corner_shadow_candidate
commands/web-automation/images/web-download-08.png,PNG,1205,187,0,0,0,0,,,,,no,unchanged
commands/web-automation/images/web-download-09.png,PNG,647,686,0,0,0,0,,,,,no,unchanged
commands/web-automation/images/web-download-10.png,PNG,1343,164,0,0,0,0,,,,,no,unchanged
commands/web-automation/images/web-download-11.png,PNG,848,129,0,0,0,0,,,,,yes,corner_shadow_candidate
commands/web-automation/images/web-download-12.png,PNG,1293,748,0,0,0,0,,,,,no,unchanged
commands/web-automation/images/web-drag-01.png,PNG,977,770,0,0,0,0,,,,,no,unchanged
commands/web-automation/images/web-drag-02.png,PNG,1368,294,0,0,0,0,,,,,no,unchanged
commands/web-automation/images/web-drag-03.png,PNG,1373,320,0,0,0,0,,,,,no,unchanged
commands/web-automation/images/web-elem-attr-01.png,PNG,640,464,0,0,0,0,,,,,no,unchanged
commands/web-automation/images/web-elem-attr-02.png,PNG,861,180,0,0,0,0,,,,,no,unchanged
commands/web-automation/images/web-elem-attr-03.png,PNG,1347,239,0,0,0,0,,,,,yes,corner_shadow_candidate
commands/web-automation/images/web-elem-obj-01.png,PNG,645,459,0,0,0,0,,,,,no,unchanged
commands/web-automation/images/web-elem-obj-02.png,PNG,1891,874,0,0,0,0,,,,,yes,corner_shadow_candidate
commands/web-automation/images/web-elem-obj-03.png,PNG,1819,827,0,0,0,0,,,,,yes,corner_shadow_candidate
commands/web-automation/images/web-elem-obj-04.png,PNG,650,458,0,0,0,0,,,,,no,unchanged
commands/web-automation/images/web-elem-obj-05.png,PNG,988,156,0,0,0,0,,,,,no,unchanged
commands/web-automation/images/web-extract-01.png,PNG,1198,740,0,0,0,0,,,,,no,unchanged
commands/web-automation/images/web-extract-02.png,PNG,977,575,0,0,0,0,,,,,no,unchanged
commands/web-automation/images/web-extract-03.png,PNG,733,724,0,0,0,0,,,,,no,unchanged
commands/web-automation/images/web-extract-04.png,PNG,361,460,0,0,0,0,,,,,no,unchanged
commands/web-automation/images/web-extract-05.png,PNG,1096,385,0,0,0,0,,,,,no,unchanged
commands/web-automation/images/web-extract-06.png,PNG,984,301,0,0,0,0,,,,,no,unchanged
commands/web-automation/images/web-extract-07.png,PNG,1920,1040,0,0,0,0,,,,,no,unchanged
commands/web-automation/images/web-extract-08.png,PNG,1920,1040,0,0,0,0,,,,,no,unchanged
commands/web-automation/images/web-extract-09.png,PNG,1920,1040,0,0,0,0,,,,,no,unchanged
commands/web-automation/images/web-extract-10.png,PNG,1920,1040,0,0,0,0,,,,,no,unchanged
commands/web-automation/images/web-extract-11.png,PNG,499,521,0,0,0,0,,,,,no,unchanged
commands/web-automation/images/web-extract-12.png,PNG,777,718,0,0,0,0,,,,,no,unchanged
commands/web-automation/images/web-extract-13.png,PNG,590,474,0,0,0,0,,,,,no,unchanged
commands/web-automation/images/web-extract-14.png,PNG,617,705,0,0,0,0,,,,,no,unchanged
commands/web-automation/images/web-extract-15.png,PNG,493,517,0,0,0,0,,,,,no,unchanged
commands/web-automation/images/web-extract-16.png,PNG,563,137,0,0,0,0,,,,,yes,corner_shadow_candidate
commands/web-automation/images/web-extract-17.png,PNG,496,521,0,0,0,0,,,,,no,unchanged
commands/web-automation/images/web-extract-18.png,PNG,489,511,0,0,0,0,,,,,no,unchanged
commands/web-automation/images/web-extract-19.png,PNG,498,514,0,0,0,0,,,,,no,unchanged
commands/web-automation/images/web-extract-20.png,PNG,651,694,0,0,0,0,,,,,no,unchanged
commands/web-automation/images/web-extract-21.png,PNG,1364,156,0,0,0,0,,,,,no,unchanged
commands/web-automation/images/web-extract-22.png,PNG,651,705,0,0,0,0,,,,,yes,corner_shadow_candidate
commands/web-automation/images/web-get-page-01.png,PNG,645,516,0,0,0,0,,,,,no,unchanged
commands/web-automation/images/web-get-page-02.png,PNG,1597,285,0,0,0,0,,,,,no,unchanged
commands/web-automation/images/web-get-page-03.png,PNG,1602,351,0,0,0,0,,,,,yes,corner_shadow_candidate
commands/web-automation/images/web-get-page-04.png,PNG,990,149,0,0,0,0,,,,,no,unchanged
commands/web-automation/images/web-get-page-05.png,PNG,1598,210,0,0,0,0,,,,,yes,corner_shadow_candidate
commands/web-automation/images/web-get-page-06.png,PNG,1356,224,0,0,0,0,,,,,no,unchanged
commands/web-automation/images/web-get-sim-01.png,PNG,660,643,0,0,0,0,,,,,no,unchanged
commands/web-automation/images/web-get-sim-02.png,PNG,1600,900,0,0,0,0,,,,,no,unchanged
commands/web-automation/images/web-get-sim-03.png,PNG,1160,146,0,0,0,0,,,,,no,unchanged
commands/web-automation/images/web-get-sim-04.png,PNG,660,701,0,0,0,0,,,,,no,unchanged
commands/web-automation/images/web-get-sim-05.png,PNG,1161,137,0,0,0,0,,,,,no,unchanged
commands/web-automation/images/web-get-sim-06.png,PNG,1165,143,0,0,0,0,,,,,no,unchanged
commands/web-automation/images/web-get-sim-07.png,PNG,949,431,0,0,0,0,,,,,no,unchanged
commands/web-automation/images/web-get-sim-08.png,PNG,1172,374,0,0,0,0,,,,,no,unchanged
commands/web-automation/images/web-get-sim-09.png,PNG,659,754,0,0,0,0,,,,,no,unchanged
commands/web-automation/images/web-get-sim-10.png,PNG,1157,302,0,0,0,0,,,,,no,unchanged
commands/web-automation/images/web-get-sim-11.png,PNG,1162,324,0,0,0,0,,,,,no,unchanged
commands/web-automation/images/web-get-sim-12.png,PNG,1168,308,0,0,0,0,,,,,no,unchanged
commands/web-automation/images/web-hover-01.png,PNG,660,326,0,0,0,0,,,,,no,unchanged
commands/web-automation/images/web-hover-02.png,PNG,660,380,0,0,0,0,,,,,no,unchanged
commands/web-automation/images/web-hover-03.png,PNG,1051,498,0,0,0,0,,,,,no,unchanged
commands/web-automation/images/web-hover-04.png,PNG,1067,173,0,0,0,0,,,,,no,unchanged
commands/web-automation/images/web-hover-05.png,PNG,1053,200,0,0,0,0,,,,,no,unchanged
commands/web-automation/images/web-js-01.png,PNG,645,485,0,0,0,0,,,,,no,unchanged
commands/web-automation/images/web-js-02.png,PNG,956,188,0,0,0,0,,,,,no,unchanged
commands/web-automation/images/web-js-03.png,PNG,641,470,0,0,0,0,,,,,no,unchanged
commands/web-automation/images/web-js-04.png,PNG,1343,171,0,0,0,0,,,,,yes,corner_shadow_candidate
commands/web-automation/images/web-monitor-get-01.png,PNG,660,369,0,0,0,0,,,,,yes,corner_shadow_candidate
commands/web-automation/images/web-monitor-get-02.png,PNG,1361,681,0,0,0,0,,,,,no,unchanged
commands/web-automation/images/web-monitor-get-03.png,PNG,1604,1031,0,0,0,0,,,,,no,unchanged
commands/web-automation/images/web-monitor-get-04.png,PNG,691,547,0,0,0,0,,,,,yes,corner_shadow_candidate
commands/web-automation/images/web-monitor-get-05.png,PNG,1363,707,0,0,0,0,,,,,no,unchanged
commands/web-automation/images/web-monitor-get-06.png,PNG,1286,908,0,0,0,0,,,,,no,unchanged
commands/web-automation/images/web-monitor-get-07.png,PNG,662,424,0,0,0,0,,,,,yes,corner_shadow_candidate
commands/web-automation/images/web-monitor-get-08.png,PNG,664,605,0,0,0,0,,,,,yes,corner_shadow_candidate
commands/web-automation/images/web-monitor-get-09.png,PNG,658,547,0,0,0,0,,,,,yes,corner_shadow_candidate
commands/web-automation/images/web-monitor-get-10.png,PNG,647,573,0,0,0,0,,,,,yes,corner_shadow_candidate
commands/web-automation/images/web-monitor-get-11.png,PNG,730,837,0,0,0,0,3,24,675,834,yes,inner_frame_candidate
commands/web-automation/images/web-monitor-start-01.png,PNG,647,426,0,0,0,0,,,,,no,unchanged
commands/web-automation/images/web-monitor-start-02.png,PNG,760,459,0,0,0,0,,,,,no,unchanged
commands/web-automation/images/web-monitor-start-03.jpg,JPEG,1265,691,0,0,0,0,,,,,no,unchanged
commands/web-automation/images/web-monitor-start-04.png,PNG,968,842,0,0,0,0,,,,,no,unchanged
commands/web-automation/images/web-monitor-start-05.png,PNG,611,85,0,0,0,0,,,,,no,unchanged
commands/web-automation/images/web-monitor-start-06.png,PNG,1901,978,0,0,0,0,,,,,yes,corner_shadow_candidate
commands/web-automation/images/web-monitor-start-07.png,PNG,1920,975,0,0,0,0,,,,,no,unchanged
commands/web-automation/images/web-monitor-start-08.png,PNG,1085,685,0,0,0,0,,,,,no,unchanged
commands/web-automation/images/web-monitor-start-09.png,PNG,1144,283,0,0,0,0,,,,,no,unchanged
commands/web-automation/images/web-monitor-start-10.png,PNG,645,414,0,0,0,0,,,,,no,unchanged
commands/web-automation/images/web-monitor-start-11.png,PNG,1364,276,0,0,0,0,,,,,no,unchanged
commands/web-automation/images/web-monitor-stop-01.png,PNG,643,236,0,0,0,0,,,,,no,unchanged
commands/web-automation/images/web-monitor-stop-02.png,PNG,1369,344,0,0,0,0,,,,,no,unchanged
commands/web-automation/images/web-navigate-01.png,PNG,650,374,0,0,0,0,,,,,no,unchanged
commands/web-automation/images/web-navigate-02.png,PNG,836,175,0,0,0,0,,,,,no,unchanged
commands/web-automation/images/web-navigate-03.png,PNG,1577,886,0,0,0,0,,,,,yes,corner_shadow_candidate
commands/web-automation/images/web-navigate-04.png,PNG,1586,771,0,0,0,0,,,,,no,unchanged
commands/web-automation/images/web-navigate-05.png,PNG,1353,259,0,0,0,0,,,,,no,unchanged
commands/web-automation/images/web-open-01.png,PNG,655,421,0,0,0,0,,,,,yes,corner_shadow_candidate
commands/web-automation/images/web-open-02.png,PNG,803,139,0,0,0,0,,,,,no,unchanged
commands/web-automation/images/web-open-03.png,PNG,1262,164,0,0,0,0,,,,,no,unchanged
commands/web-automation/images/web-page-attr-01.png,PNG,641,410,0,0,0,0,,,,,no,unchanged
commands/web-automation/images/web-page-attr-02.png,PNG,1075,953,0,0,0,0,5,8,1069,950,yes,inner_frame_candidate
commands/web-automation/images/web-popup-auto-01.png,PNG,660,270,0,0,0,0,,,,,no,unchanged
commands/web-automation/images/web-popup-auto-02.png,PNG,1287,201,0,0,0,0,,,,,no,unchanged
commands/web-automation/images/web-popup-auto-03.png,PNG,1262,237,0,0,0,0,,,,,yes,corner_shadow_candidate
commands/web-automation/images/web-popup-auto-04.png,PNG,1920,953,0,0,0,0,,,,,yes,corner_shadow_candidate
commands/web-automation/images/web-popup-auto-05.png,PNG,1920,953,0,0,0,0,,,,,yes,corner_shadow_candidate
commands/web-automation/images/web-popup-handle-01.png,JPEG,642,364,0,0,0,0,,,,,no,unchanged
commands/web-automation/images/web-popup-handle-02.png,JPEG,997,380,0,0,0,0,,,,,no,unchanged
commands/web-automation/images/web-popup-handle-03.png,JPEG,659,323,0,0,0,0,,,,,yes,corner_shadow_candidate
commands/web-automation/images/web-popup-handle-04.png,JPEG,1726,801,0,0,0,0,,,,,yes,corner_shadow_candidate
commands/web-automation/images/web-popup-handle-05.png,JPEG,1089,384,0,0,0,0,,,,,no,unchanged
commands/web-automation/images/web-popup-handle-06.png,JPEG,933,485,0,0,0,0,3,3,930,482,yes,inner_frame_candidate
commands/web-automation/images/web-popup-handle-07.png,JPEG,1472,907,0,0,0,0,,,,,no,unchanged
commands/web-automation/images/web-popup-handle-08.png,JPEG,787,117,0,0,0,0,,,,,no,unchanged
commands/web-automation/images/web-popup-handle-09.png,JPEG,898,521,0,0,0,0,3,6,895,518,yes,inner_frame_candidate
commands/web-automation/images/web-popup-handle-10.png,JPEG,545,238,0,0,0,0,,,,,no,unchanged
commands/web-automation/images/web-relative-01.png,PNG,650,472,0,0,0,0,,,,,no,unchanged
commands/web-automation/images/web-relative-02.png,PNG,919,293,0,0,0,0,,,,,no,unchanged
commands/web-automation/images/web-relative-03.png,PNG,650,524,0,0,0,0,,,,,no,unchanged
commands/web-automation/images/web-relative-04.png,PNG,1398,850,0,0,0,0,,,,,no,unchanged
commands/web-automation/images/web-relative-05.png,PNG,1351,417,0,0,0,0,,,,,no,unchanged
commands/web-automation/images/web-scroll-01.png,PNG,649,422,0,0,0,0,,,,,no,unchanged
commands/web-automation/images/web-scroll-02.png,PNG,655,495,0,0,0,0,,,,,yes,corner_shadow_candidate
commands/web-automation/images/web-scroll-03.png,PNG,1362,935,0,0,0,0,,,,,no,unchanged
commands/web-automation/images/web-select-01.png,PNG,647,478,0,0,0,0,,,,,no,unchanged
commands/web-automation/images/web-select-02.png,PNG,788,145,0,0,0,0,,,,,no,unchanged
commands/web-automation/images/web-select-03.png,PNG,644,485,0,0,0,0,,,,,no,unchanged
commands/web-automation/images/web-select-04.png,PNG,1410,871,0,0,0,0,,,,,yes,corner_shadow_candidate
commands/web-automation/images/web-select-05.png,PNG,1340,131,0,0,0,0,,,,,yes,corner_shadow_candidate
commands/web-automation/images/web-select-06.png,PNG,1863,882,0,0,0,0,,,,,no,unchanged
commands/web-automation/images/web-select-opt-01.png,PNG,649,465,0,0,0,0,,,,,no,unchanged
commands/web-automation/images/web-select-opt-02.png,PNG,1449,650,0,0,0,0,,,,,no,unchanged
commands/web-automation/images/web-select-opt-03.png,PNG,1001,206,0,0,0,0,,,,,no,unchanged
commands/web-automation/images/web-select-opt-04.png,PNG,1343,257,0,0,0,0,,,,,yes,corner_shadow_candidate
commands/web-automation/images/web-select-opt-05.png,PNG,1279,895,0,0,0,0,,,,,no,unchanged
commands/web-automation/images/web-select-opt-06.png,PNG,1547,579,0,0,0,0,,,,,yes,corner_shadow_candidate
commands/web-automation/images/web-set-attr-01.png,PNG,656,436,0,0,0,0,,,,,no,unchanged
commands/web-automation/images/web-set-attr-02.png,PNG,1201,151,0,0,0,0,,,,,no,unchanged
commands/web-automation/images/web-set-attr-03.png,PNG,656,429,0,0,0,0,,,,,yes,corner_shadow_candidate
commands/web-automation/images/web-set-attr-04.png,PNG,1600,900,0,0,0,0,,,,,no,unchanged
commands/web-automation/images/web-set-attr-05.png,PNG,1600,900,0,0,0,0,,,,,no,unchanged
commands/web-automation/images/web-text-01.png,PNG,651,655,0,0,0,0,,,,,no,unchanged
commands/web-automation/images/web-text-02.png,PNG,648,595,0,0,0,0,,,,,no,unchanged
commands/web-automation/images/web-text-03.png,PNG,725,150,0,0,0,0,,,,,no,unchanged
commands/web-automation/images/web-text-04.png,PNG,646,657,0,0,0,0,,,,,no,unchanged
commands/web-automation/images/web-text-05.png,PNG,1358,215,0,0,0,0,,,,,no,unchanged
commands/web-automation/images/web-upload-01.png,PNG,644,376,0,0,0,0,,,,,no,unchanged
commands/web-automation/images/web-upload-02.png,PNG,826,163,0,0,0,0,,,,,no,unchanged
commands/web-automation/images/web-upload-03.png,PNG,646,419,0,0,0,0,,,,,no,unchanged
commands/web-automation/images/web-upload-04.png,PNG,731,953,0,0,0,0,,,,,yes,corner_shadow_candidate
commands/web-automation/images/web-wait-content-01.png,PNG,814,699,0,0,0,0,,,,,no,unchanged
commands/web-automation/images/web-wait-content-02.png,PNG,841,364,0,0,0,0,,,,,yes,corner_shadow_candidate
commands/web-automation/images/web-wait-content-03.png,PNG,1061,941,0,0,0,0,3,3,1058,938,yes,inner_frame_candidate
commands/web-automation/images/web-wait-content-04.png,PNG,1887,968,0,0,0,0,,,,,yes,corner_shadow_candidate
commands/web-automation/images/web-wait-load-01.png,PNG,653,362,0,0,0,0,,,,,no,unchanged
commands/web-automation/images/web-wait-load-02.png,PNG,846,200,0,0,0,0,,,,,no,unchanged
commands/web-automation/images/web-wait-load-03.png,PNG,930,213,0,0,0,0,,,,,no,unchanged
